{
    "Tuesday": {
        "matrix": [
            [
                0.9999780852338306,
                2.1914766169444973e-05,
                0.0
            ],
            [
                0.0,
                1.0,
                0.0
            ],
            [
                0.0022371364653243847,
                0.0,
                0.9977628635346756
            ]
        ],
        "labels": [
            "BENIGN",
            "FTP-Patator",
            "SSH-Patator"
        ]
    },
    "Wednesday": {
        "matrix": [
            [
                0.9999662331648207,
                2.4119167985181183e-05,
                4.823833597036237e-06,
                4.823833597036237e-06,
                0.0,
                0.0
            ],
            [
                0.007157894736842105,
                0.9928421052631579,
                0.0,
                0.0,
                0.0,
                0.0
            ],
            [
                8.409721638213776e-05,
                0.00010512152047767219,
                0.9998107812631402,
                0.0,
                0.0,
                0.0
            ],
            [
                0.014634146341463415,
                0.0012195121951219512,
                0.0,
                0.9621951219512195,
                0.02195121951219512,
                0.0
            ],
            [
                0.0006418485237483953,
                0.0,
                0.0,
                0.0006418485237483953,
                0.9987163029525032,
                0.0
            ],
            [
                0.0,
                0.0,
                0.0,
                0.0,
                0.0,
                1.0
            ]
        ],
        "labels": [
            "BENIGN",
            "DoS GoldenEye",
            "DoS Hulk",
            "DoS Slowhttptest",
            "DoS slowloris",
            "Heartbleed"
        ]
    },
    "Thursday": {
        "matrix": [
            [
                0.9974863845831587,
                0.0,
                0.0025136154168412233,
                0.0,
                0.0,
                0.0
            ],
            [
                0.375,
                0.625,
                0.0,
                0.0,
                0.0,
                0.0
            ],
            [
                0.09439169278263716,
                0.0,
                0.9056083072173629,
                0.0,
                0.0,
                0.0
            ],
            [
                0.06666666666666667,
                0.0,
                0.0,
                0.9333333333333333,
                0.0,
                0.0
            ],
            [
                0.5,
                0.0,
                0.0,
                0.0,
                0.5,
                0.0
            ],
            [
                0.25,
                0.0,
                0.0,
                0.0,
                0.0,
                0.75
            ]
        ],
        "labels": [
            "BENIGN",
            "Infiltration",
            "PortScan",
            "Web Attack - Brute Force",
            "Web Attack - Sql Injection",
            "Web Attack - XSS"
        ]
    },
    "Friday": {
        "matrix": [
            [
                0.9999935769386405,
                0.0,
                0.0,
                6.4230613595051676e-06
            ],
            [
                0.013574660633484163,
                0.9864253393665159,
                0.0,
                0.0
            ],
            [
                0.0,
                0.0,
                1.0,
                0.0
            ],
            [
                0.0010812384338677145,
                0.0,
                0.0,
                0.9989187615661322
            ]
        ],
        "labels": [
            "BENIGN",
            "Bot",
            "DDoS",
            "PortScan"
        ]
    }
}