{
    "Tuesday": {
        "bidirectional_max_ps": 0.09124158222403361,
        "src2dst_max_ps": 0.0889718418604349,
        "bidirectional_stddev_ps": 0.08143403390596315,
        "src2dst_psh_packets": 0.0647069272153378,
        "bidirectional_mean_ps": 0.06314818385721722,
        "bidirectional_psh_packets": 0.05971974823806296,
        "bidirectional_max_piat_ms": 0.04881096874641765,
        "dst2src_mean_ps": 0.04652279004213833,
        "src2dst_mean_ps": 0.045954493620826355,
        "src2dst_bytes": 0.043188011925722324,
        "dst2src_max_ps": 0.03897898170511914,
        "dst2src_psh_packets": 0.03324104092865986,
        "src2dst_stddev_ps": 0.03028973897477373,
        "dst2src_bytes": 0.028194512932059164,
        "src2dst_min_ps": 0.026750190020324208,
        "bidirectional_ack_packets": 0.025154795236381092,
        "bidirectional_stddev_piat_ms": 0.02336553979741796,
        "dst2src_stddev_ps": 0.018989113280939024,
        "src2dst_max_piat_ms": 0.018550472093954846,
        "src2dst_packets": 0.016515329183979948,
        "bidirectional_duration_ms": 0.015193277798718598,
        "dst2src_packets": 0.013810396330683407,
        "dst2src_stddev_piat_ms": 0.013566859851640353,
        "bidirectional_mean_piat_ms": 0.01261225773755247,
        "dst2src_max_piat_ms": 0.0122853871929325,
        "dst2src_mean_piat_ms": 0.011209896937580562,
        "bidirectional_rst_packets": 0.005834201672019157,
        "src2dst_stddev_piat_ms": 0.005148091573941257,
        "bidirectional_min_ps": 0.004697706334337143,
        "dst2src_min_ps": 0.00456470636057056,
        "src2dst_mean_piat_ms": 0.0038617319106486084,
        "dst2src_min_piat_ms": 0.0013251946693040176,
        "bidirectional_syn_packets": 0.0007946727545411399,
        "bidirectional_min_piat_ms": 0.0007290198220805584,
        "bidirectional_fin_packets": 0.0004964731758640054,
        "protocol": 8.86892652557473e-05,
        "src2dst_min_piat_ms": 5.3140822566746375e-05,
        "bidirectional_urg_packets": 0.0,
        "bidirectional_cwr_packets": 0.0,
        "bidirectional_ece_packets": 0.0,
        "src2dst_urg_packets": 0.0,
        "dst2src_urg_packets": 0.0
    },
    "Wednesday": {
        "dst2src_stddev_ps": 0.14510798805934277,
        "bidirectional_stddev_ps": 0.13571322021710486,
        "bidirectional_mean_ps": 0.10267279611952691,
        "dst2src_max_ps": 0.09442832306155574,
        "dst2src_mean_ps": 0.08936158267445146,
        "bidirectional_max_ps": 0.07133931155397802,
        "dst2src_bytes": 0.06403790445860022,
        "src2dst_mean_ps": 0.04964290695143215,
        "src2dst_stddev_ps": 0.029602535719017605,
        "src2dst_max_ps": 0.026993616011769132,
        "dst2src_packets": 0.023702989544084813,
        "dst2src_stddev_piat_ms": 0.02311918435851323,
        "src2dst_bytes": 0.02020849786681609,
        "dst2src_psh_packets": 0.01658328461045841,
        "bidirectional_ack_packets": 0.015709365038814063,
        "bidirectional_psh_packets": 0.01400506762675206,
        "bidirectional_syn_packets": 0.01070697091282764,
        "dst2src_max_piat_ms": 0.00829597783295777,
        "dst2src_mean_piat_ms": 0.00789484123624243,
        "src2dst_psh_packets": 0.007777190558161398,
        "src2dst_packets": 0.007579362921544323,
        "bidirectional_max_piat_ms": 0.005713522883903015,
        "src2dst_max_piat_ms": 0.005401669167541792,
        "src2dst_stddev_piat_ms": 0.00508732262527649,
        "src2dst_min_ps": 0.004834148998956227,
        "bidirectional_duration_ms": 0.004293289404779313,
        "dst2src_min_ps": 0.0022518573003986364,
        "bidirectional_mean_piat_ms": 0.0018265630975858433,
        "bidirectional_stddev_piat_ms": 0.0015934978979818201,
        "dst2src_min_piat_ms": 0.0014169414450656344,
        "src2dst_mean_piat_ms": 0.0013034169403835535,
        "src2dst_min_piat_ms": 0.0008110768420026055,
        "bidirectional_fin_packets": 0.0005019744381014197,
        "bidirectional_min_ps": 0.0002896097747426192,
        "bidirectional_rst_packets": 0.00017036077956280406,
        "bidirectional_min_piat_ms": 2.0140293924860193e-05,
        "protocol": 1.6907758423075759e-06,
        "bidirectional_urg_packets": 0.0,
        "bidirectional_cwr_packets": 0.0,
        "bidirectional_ece_packets": 0.0,
        "src2dst_urg_packets": 0.0,
        "dst2src_urg_packets": 0.0
    },
    "Thursday": {
        "bidirectional_syn_packets": 0.23491965812110233,
        "src2dst_bytes": 0.1488742310647896,
        "bidirectional_max_ps": 0.12220179212410337,
        "bidirectional_ack_packets": 0.09545706951123799,
        "src2dst_max_ps": 0.06371558436665196,
        "bidirectional_mean_ps": 0.05964465361853987,
        "src2dst_mean_ps": 0.050400708758950544,
        "dst2src_bytes": 0.03339641004843856,
        "dst2src_mean_ps": 0.027843613702472916,
        "bidirectional_stddev_ps": 0.02501462401331426,
        "bidirectional_fin_packets": 0.0215516787118145,
        "bidirectional_rst_packets": 0.019888713217124876,
        "dst2src_max_ps": 0.01933402868119825,
        "src2dst_min_ps": 0.015370458087038295,
        "dst2src_packets": 0.01270027967617443,
        "src2dst_packets": 0.0123948071280098,
        "bidirectional_min_ps": 0.008594376335344158,
        "bidirectional_duration_ms": 0.0058798862822899475,
        "src2dst_mean_piat_ms": 0.004657431561085355,
        "protocol": 0.004177546945845752,
        "bidirectional_mean_piat_ms": 0.0026338775672675218,
        "src2dst_min_piat_ms": 0.002515332683340181,
        "bidirectional_max_piat_ms": 0.002291045324035054,
        "bidirectional_min_piat_ms": 0.0011090613256467161,
        "dst2src_min_ps": 0.001107118992007571,
        "src2dst_psh_packets": 0.0007111288991597251,
        "src2dst_max_piat_ms": 0.0006716502338458682,
        "src2dst_stddev_ps": 0.0006231424927090501,
        "bidirectional_stddev_piat_ms": 0.0006112635215725796,
        "bidirectional_psh_packets": 0.00038378566771551893,
        "dst2src_max_piat_ms": 0.0003100241027838573,
        "dst2src_mean_piat_ms": 0.0002500190565385995,
        "src2dst_stddev_piat_ms": 0.00015799098427961107,
        "dst2src_psh_packets": 0.00014027786477746384,
        "dst2src_stddev_ps": 0.00013979095458900985,
        "dst2src_stddev_piat_ms": 0.00011890925121128018,
        "dst2src_min_piat_ms": 9.122424721135685e-05,
        "bidirectional_ece_packets": 6.726092046265875e-05,
        "bidirectional_cwr_packets": 4.9543955319574054e-05,
        "bidirectional_urg_packets": 0.0,
        "src2dst_urg_packets": 0.0,
        "dst2src_urg_packets": 0.0
    },
    "Friday": {
        "bidirectional_syn_packets": 0.13495972560350786,
        "src2dst_bytes": 0.0795302527718945,
        "bidirectional_rst_packets": 0.07510230108885906,
        "bidirectional_max_ps": 0.07307954719743229,
        "dst2src_max_ps": 0.07227039808009829,
        "dst2src_mean_ps": 0.067956754007595,
        "dst2src_stddev_ps": 0.05767730322949507,
        "dst2src_bytes": 0.04675573709574652,
        "bidirectional_mean_ps": 0.04234210855453393,
        "bidirectional_stddev_ps": 0.041883622536574815,
        "bidirectional_duration_ms": 0.03514867201282154,
        "dst2src_min_ps": 0.03420203931040713,
        "bidirectional_mean_piat_ms": 0.031409313333223395,
        "dst2src_packets": 0.02647479932467075,
        "bidirectional_max_piat_ms": 0.023722144901337523,
        "src2dst_max_ps": 0.021346900700414423,
        "src2dst_packets": 0.018860876571096332,
        "bidirectional_min_ps": 0.018764686323415655,
        "src2dst_stddev_ps": 0.015363945072870611,
        "src2dst_mean_ps": 0.01253990622456579,
        "bidirectional_ack_packets": 0.0120546936219973,
        "dst2src_stddev_piat_ms": 0.009650573349052111,
        "bidirectional_stddev_piat_ms": 0.008722754185845368,
        "src2dst_max_piat_ms": 0.007676500732321154,
        "src2dst_min_ps": 0.006639414795525871,