{
    "('Tuesday', 'DecisionTree')": [
        [
            0.9999634753897176,
            2.921968822592663e-05,
            7.304922056481657e-06
        ],
        [
            0.0,
            1.0,
            0.0
        ],
        [
            0.0011185682326621924,
            0.0,
            0.9988814317673378
        ]
    ],
    "('Tuesday', 'RandomForest')": [
        [
            0.9999780852338306,
            2.1914766169444973e-05,
            0.0
        ],
        [
            0.0,
            1.0,
            0.0
        ],
        [
            0.0011185682326621924,
            0.0,
            0.9988814317673378
        ]
    ],
    "('Tuesday', 'NaiveBayes')": [
        [
            0.8965623036802197,
            0.10343769631978027,
            0.0
        ],
        [
            0.0,
            1.0,
            0.0
        ],
        [
            0.006711409395973154,
            0.0044742729306487695,
            0.9888143176733781
        ]
    ],
    "('Wednesday', 'DecisionTree')": [
        [
            0.9997925751553275,
            8.200517114961602e-05,
            6.753367035850732e-05,
            3.8590668776289896e-05,
            1.9295334388144948e-05,
            0.0
        ],
        [
            0.011789473684210527,
            0.9869473684210527,
            0.0008421052631578948,
            0.0004210526315789474,
            0.0,
            0.0
        ],
        [
            0.00016819443276427552,
            0.00012614582457320662,
            0.9997056597426626,
            0.0,
            0.0,
            0.0
        ],
        [
            0.014634146341463415,
            0.0024390243902439024,
            0.0012195121951219512,
            0.947560975609756,
            0.03414634146341464,
            0.0
        ],
        [
            0.0012836970474967907,
            0.0006418485237483953,
            0.0,
            0.0,
            0.9980744544287549,
            0.0
        ],
        [
            0.0,
            0.0,
            0.0,
            0.0,
            0.0,
            1.0
        ]
    ],
    "('Wednesday', 'RandomForest')": [
        [
            0.9999131709952533,
            4.341450237332613e-05,
            9.647667194072474e-06,
            3.376683517925366e-05,
            0.0,
            0.0
        ],
        [
            0.012210526315789474,
            0.9873684210526316,
            0.0,
            0.0004210526315789474,
            0.0,
            0.0
        ],
        [
            0.00012614582457320662,
            0.00016819443276427552,
            0.9997056597426626,
            0.0,
            0.0,
            0.0
        ],
        [
            0.013414634146341463,
            0.003658536585365854,
            0.0012195121951219512,
            0.95,
            0.03170731707317073,
            0.0
        ],
        [
            0.0006418485237483953,
            0.0006418485237483953,
            0.0,
            0.0,
            0.9987163029525032,
            0.0
        ],
        [
            0.0,
            0.0,
            0.0,
            0.0,
            0.0,
            1.0
        ]
    ],
    "('Wednesday', 'NaiveBayes')": [
        [
            0.3879616408752364,
            0.04589877667579979,
            0.004143673059854127,
            0.19411106394473815,
            0.36788484544437156,
            0.0
        ],
        [
            0.010947368421052631,
            0.32463157894736844,
            0.6273684210526316,
            0.035789473684210524,
            0.0012631578947368421,
            0.0
        ],
        [
            0.0,
            0.0016609200235472206,
            0.9981708855436885,
            0.00014717012866874107,
            2.102430409553444e-05,
            0.0
        ],
        [
            0.02195121951219512,
            0.0024390243902439024,
            0.0,
            0.5853658536585366,
            0.3902439024390244,
            0.0
        ],
        [
            0.0,
            0.0006418485237483953,
            0.0,
            0.08023106546854943,
            0.9191270860077022,
            0.0
        ],
        [
            0.0,
            0.0,
            0.0,
            0.0,
            0.0,
            1.0
        ]
    ],
    "('Thursday', 'DecisionTree')": [
        [
            0.9974219329058038,
            0.0,
            0.002465276658825046,
            4.833875801617737e-05,
            1.611291933872579e-05,
            4.833875801617737e-05
        ],
        [
            0.375,
            0.625,
            0.0,
            0.0,
            0.0,
            0.0
        ],
        [
            0.09710463538986856,
            0.0,
            0.9028953646101314,
            0.0,
            0.0,
            0.0
        ],
        [
            0.022222222222222223,
            0.0,
            0.0,
            0.9555555555555556,
            0.0,
            0.022222222222222223
        ],
        [
            0.5,
            0.0,
            0.0,
            0.0,
            0.5,
            0.0
        ],
        [
            0.125,
            0.0,
            0.0,
            0.125,
            0.0,
            0.75
        ]
    ],
    "('Thursday', 'RandomForest')": [
        [
            0.997534723341175,
            0.0,
            0.002465276658825046,
            0.0,
            0.0,
            0.0
        ],
        [
            0.375,
            0.625,
            0.0,
            0.0,
            0.0,
            0.0
        ],
        [
            0.09715141026240703,
            0.0,
            0.902848589737593,
            0.0,
            0.0,
            0.0
        ],
        [
            0.06666666666666667,
            0.0,
            0.0,
            0.9333333333333333,
            0.0,
            0.0
        ],
        [
            0.75,
            0.0,
            0.0,
            0.0,
            0.25,
            0.0
        ],
        [
            0.25,
            0.0,
            0.0,
            0.0,
            0.0,
            0.75
        ]
    ],
    "('Thursday', 'NaiveBayes')": [
        [
            0.6229657439334859,
            0.01746640456317876,
            0.1771534916696207,
            0.14310689310689312,
            0.006831877799619735,
            0.03247558892720183
        ],
        [
            0.0,
            0.75,
            0.25,
            0.0,
            0.0,
            0.0
        ],
        [
            0.00023387436269236168,
            0.009588848870386827,
            0.9901772767669208,
            0.0,
            0.0,
            0.0
        ],
        [
            0.0,
            0.0,
            0.0,
            0.7777777777777778,
            0.2,
            0.022222222222222223
        ],
        [
            0.0,
            0.0,
            0.0,
            0.0,
            1.0,
            0.0
        ],
        [
            0.0,
            0.0,
            0.0,
            0.0,
            0.125,
            0.875
        ]
    ],
    "('Friday', 'DecisionTree')": [
        [
            0.9996210393797892,
            1.9269184078515504e-05,
            2.569224543802067e-05,
            0.0003339991906942687
        ],
        [
            0.01809954751131222,
            0.9819004524886877,
            0.0,
            0.0
        ],
        [
            6.967184560719014e-05,
            0.0,
            0.9999303281543928,
            0.0
        ],
        [
            0.001102031480672863,
            0.0,
            2.079304680514836e-05,
            0.998877175472522
        ]
    ],