{
    "Tuesday": {
        "matrix": [
            [
                1.0,
                0.0,
                0.0
            ],
            [
                0.0,
                1.0,
                0.0
            ],
            [
                0.0022371364653243847,
                0.0,
                0.9977628635346756
            ]
        ],
        "labels": [
            "BENIGN",
            "FTP-Patator",
            "SSH-Patator"
        ]
    },
    "Wednesday": {
        "matrix": [
            [
                1.0,
                0.0,
                0.0,
                0.0,
                0.0,
                0.0
            ],
            [
                0.0,
                0.9974736842105263,
                0.0008421052631578948,
                0.0016842105263157896,
                0.0,
                0.0
            ],
            [
                4.2186972662841714e-05,
                8.437394532568343e-05,
                0.9998734390820114,
                0.0,
                0.0,
                0.0
            ],
            [
                0.013447432762836185,
                0.0,
                0.0,
                0.9657701711491442,
                0.02078239608801956,
                0.0
            ],
            [
                0.0006418485237483953,
                0.0006418485237483953,
                0.0,
                0.0,
                0.9987163029525032,
                0.0
            ],
            [
                0.0,
                0.0,
                0.0,
                0.0,
                0.0,
                1.0
            ]
        ],
        "labels": [
            "BENIGN",
            "DoS GoldenEye",
            "DoS Hulk",
            "DoS Slowhttptest",
            "DoS slowloris",
            "Heartbleed"
        ]
    },
    "Thursday": {
        "matrix": [
            [
                0.9963168213601695,
                0.0,
                0.0036831786398304604,
                0.0,
                0.0,
                0.0
            ],
            [
                0.25,
                0.75,
                0.0,
                0.0,
                0.0,
                0.0
            ],
            [
                5.2118621983634754e-05,
                0.0,
                0.9999478813780164,
                0.0,
                0.0,
                0.0
            ],
            [
                0.044444444444444446,
                0.0,
                0.0,
                0.9555555555555556,
                0.0,
                0.0
            ],
            [
                0.25,
                0.0,
                0.0,
                0.0,
                0.75,
                0.0
            ],
            [
                0.25,
                0.0,
                0.0,
                0.0,
                0.0,
                0.75
            ]
        ],
        "labels": [
            "BENIGN",
            "Infiltration",
            "PortScan",
            "Web Attack - Brute Force",
            "Web Attack - Sql Injection",
            "Web Attack - XSS"
        ]
    },
    "Friday": {
        "matrix": [
            [
                0.999988636621895,
                0.0,
                0.0,
                1.1363378105043067e-05
            ],
            [
                0.004524886877828055,
                0.995475113122172,
                0.0,
                0.0
            ],
            [
                0.0,
                0.0,
                1.0,
                0.0
            ],
            [
                0.00010421225953021114,
                0.0,
                0.0,
                0.9998957877404698
            ]
        ],
        "labels": [
            "BENIGN",
            "Bot",
            "DDoS",
            "PortScan"
        ]
    }
}