{
    "Tuesday": {
        "bidirectional_stddev_ps": 0.09357702566758229,
        "src2dst_psh_packets": 0.08615480476924312,
        "bidirectional_mean_ps": 0.07544013245866601,
        "dst2src_mean_ps": 0.06585369948493155,
        "bidirectional_psh_packets": 0.0629162928343438,
        "dst2src_psh_packets": 0.05433413776216005,
        "src2dst_bytes": 0.05294141837715624,
        "bidirectional_max_ps": 0.04721316293765563,
        "dst2src_bytes": 0.04484069651994436,
        "dst2src_packets": 0.03732166052674184,
        "dst2src_stddev_ps": 0.033513670104291446,
        "dst2src_max_piat_ms": 0.032847629972202745,
        "src2dst_max_piat_ms": 0.03098691442156343,
        "dst2src_max_ps": 0.030867575423015034,
        "bidirectional_rst_packets": 0.029271613921289283,
        "src2dst_stddev_ps": 0.026016706919327507,
        "src2dst_packets": 0.025942581676705618,
        "bidirectional_ack_packets": 0.025012600695213633,
        "bidirectional_max_piat_ms": 0.021552178732164893,
        "src2dst_max_ps": 0.019587833199090028,
        "bidirectional_stddev_piat_ms": 0.019390290024674,
        "dst2src_mean_piat_ms": 0.01770290859058407,
        "src2dst_min_ps": 0.017191891451490266,
        "bidirectional_duration_ms": 0.012156271364724516,
        "src2dst_stddev_piat_ms": 0.008183645958790804,
        "bidirectional_mean_piat_ms": 0.008000200792745238,
        "src2dst_mean_ps": 0.00797184533075286,
        "dst2src_stddev_piat_ms": 0.005666811489963607,
        "src2dst_mean_piat_ms": 0.005072322137172695,
        "bidirectional_min_ps": 0.001022421161986928,
        "bidirectional_fin_packets": 0.0008295407973620722,
        "bidirectional_syn_packets": 0.0003086244131634409,
        "dst2src_min_ps": 0.00023275438950640163,
        "dst2src_min_piat_ms": 5.146281848811284e-05,
        "src2dst_min_piat_ms": 2.3864092427037927e-05,
        "bidirectional_cwr_packets": 1.428605066536937e-06,
        "protocol": 1.3801778129112555e-06,
        "bidirectional_min_piat_ms": 0.0,
        "bidirectional_urg_packets": 0.0,
        "bidirectional_ece_packets": 0.0,
        "src2dst_urg_packets": 0.0,
        "dst2src_urg_packets": 0.0
    },
    "Wednesday": {
        "bidirectional_stddev_ps": 0.1545695086031509,
        "dst2src_stddev_ps": 0.14633102843672588,
        "bidirectional_max_ps": 0.11724644954064961,
        "dst2src_mean_ps": 0.10806561865825809,
        "dst2src_max_ps": 0.05801242492166865,
        "dst2src_bytes": 0.05047392110809122,
        "bidirectional_mean_ps": 0.0463796515098276,
        "bidirectional_rst_packets": 0.045054053203330155,
        "src2dst_bytes": 0.03774128181320393,
        "src2dst_stddev_ps": 0.03298828936773115,
        "src2dst_mean_ps": 0.029468725391681324,
        "src2dst_max_ps": 0.02662955639188445,
        "bidirectional_ack_packets": 0.02005810094970845,
        "bidirectional_psh_packets": 0.017706893625979127,
        "dst2src_mean_piat_ms": 0.012249357939329828,
        "dst2src_stddev_piat_ms": 0.011503773396284188,
        "dst2src_max_piat_ms": 0.0111093857376606,
        "bidirectional_min_ps": 0.007880725093396705,
        "src2dst_psh_packets": 0.0073659632897496215,
        "bidirectional_duration_ms": 0.006716245269948299,
        "dst2src_packets": 0.006408117327109526,
        "src2dst_max_piat_ms": 0.005408027326133113,
        "dst2src_psh_packets": 0.005029496030902442,
        "bidirectional_max_piat_ms": 0.004869492677377886,
        "src2dst_packets": 0.0048023512526189005,
        "src2dst_min_ps": 0.003899494671352429,
        "src2dst_stddev_piat_ms": 0.003509270440848128,
        "bidirectional_syn_packets": 0.003273455567410712,
        "bidirectional_stddev_piat_ms": 0.003243991722632893,
        "bidirectional_mean_piat_ms": 0.003141492703708837,
        "dst2src_min_ps": 0.0028127094465772444,
        "src2dst_mean_piat_ms": 0.002030631457397177,
        "dst2src_min_piat_ms": 0.0016828863445867534,
        "bidirectional_fin_packets": 0.0016629325700575227,
        "protocol": 0.00038325434672701296,
        "src2dst_min_piat_ms": 0.0002468787145313527,
        "bidirectional_min_piat_ms": 4.416062323032299e-05,
        "bidirectional_ece_packets": 4.0252853800417824e-07,
        "bidirectional_urg_packets": 0.0,
        "bidirectional_cwr_packets": 0.0,
        "src2dst_urg_packets": 0.0,
        "dst2src_urg_packets": 0.0
    },
    "Thursday": {
        "src2dst_bytes": 0.24768438986281907,
        "bidirectional_max_ps": 0.17841357932127305,
        "src2dst_max_ps": 0.10872317951126294,
        "bidirectional_mean_ps": 0.10707799913288102,
        "dst2src_mean_ps": 0.06367564476681231,
        "src2dst_mean_ps": 0.060028894336672974,
        "bidirectional_stddev_ps": 0.0400707753033164,
        "dst2src_max_ps": 0.03263596422479553,
        "bidirectional_syn_packets": 0.030551283364447065,
        "dst2src_bytes": 0.02807474591263474,
        "bidirectional_mean_piat_ms": 0.0219376860908894,
        "bidirectional_duration_ms": 0.017839145722305962,
        "bidirectional_max_piat_ms": 0.016144878440048964,
        "src2dst_min_ps": 0.011243107635089998,
        "protocol": 0.010561551946034947,
        "dst2src_packets": 0.004532847538848264,
        "dst2src_min_ps": 0.004499265329780357,
        "bidirectional_min_ps": 0.0038001246766170248,
        "src2dst_mean_piat_ms": 0.002818497439762095,
        "bidirectional_ack_packets": 0.001679493004347027,
        "src2dst_max_piat_ms": 0.0015339590730967508,
        "src2dst_stddev_ps": 0.0011168491031879964,
        "bidirectional_stddev_piat_ms": 0.001063902488338497,
        "bidirectional_fin_packets": 0.0008146899249178927,
        "dst2src_max_piat_ms": 0.0004782524076659184,
        "src2dst_min_piat_ms": 0.00046214410663145096,
        "bidirectional_rst_packets": 0.00037780327178456183,
        "src2dst_psh_packets": 0.0003266228844681076,
        "src2dst_packets": 0.00023631464258406742,
        "dst2src_mean_piat_ms": 0.00023559658653404738,
        "src2dst_stddev_piat_ms": 0.0002281744285699058,
        "bidirectional_psh_packets": 0.00021355108096032612,
        "bidirectional_min_piat_ms": 0.00020261921251147147,
        "dst2src_psh_packets": 0.0001735984193898824,
        "dst2src_stddev_ps": 0.0001429270074210844,
        "dst2src_stddev_piat_ms": 0.00012403012002941562,
        "dst2src_min_piat_ms": 0.00010589499045344921,
        "bidirectional_ece_packets": 4.753801420803042e-05,
        "src2dst_urg_packets": 4.4848717046601526e-05,
        "bidirectional_cwr_packets": 3.99583827317859e-05,
        "bidirectional_urg_packets": 3.4633865507545196e-05,
        "dst2src_urg_packets": 3.0377113220693533e-06
    },
    "Friday": {
        "dst2src_mean_ps": 0.11607961497452092,
        "dst2src_bytes": 0.10030385248806888,
        "dst2src_max_ps": 0.09870988356200967,
        "bidirectional_mean_ps": 0.0900766409811748,
        "bidirectional_rst_packets": 0.09004504296944858,
        "bidirectional_max_ps": 0.08839197174513488,
        "bidirectional_stddev_ps": 0.060297432051866384,
        "src2dst_max_ps": 0.048341016261833444,
        "src2dst_mean_ps": 0.041376008155854294,
        "dst2src_stddev_ps": 0.04127071626879533,
        "bidirectional_ack_packets": 0.024399493842802215,
        "bidirectional_duration_ms": 0.022669300013755174,
        "src2dst_bytes": 0.020630712959268594,
        "dst2src_min_ps": 0.020617029012060927,
        "bidirectional_mean_piat_ms": 0.018253198617527163,
        "bidirectional_max_piat_ms": 0.015961326532250516,
        "bidirectional_min_ps": 0.01437281500700714,
        "bidirectional_syn_packets": 0.013616678640406095,
        "bidirectional_stddev_piat_ms": 0.012215581941015973,
        "src2dst_max_piat_ms": 0.00921687156986875,
        "src2dst_packets": 0.008263076941042297,
        "dst2src_packets": 0.007425066913865585,
        "src2dst_psh_packets": 0.007247008555454399,
        "src2dst_stddev_ps": 0.006194814534444474,