{
    "Tuesday": {
        "matrix": [
            [
                1.0,
                0.0
            ],
            [
                0.0014340344168260039,
                0.998565965583174
            ]
        ],
        "labels": [
            "BENIGN",
            "ANOMALY"
        ]
    },
    "Wednesday": {
        "matrix": [
            [
                0.9999797529864345,
                2.0247013565499087e-05
            ],
            [
                0.0002683946167708293,
                0.9997316053832291
            ]
        ],
        "labels": [
            "BENIGN",
            "ANOMALY"
        ]
    },
    "Thursday": {
        "matrix": [
            [
                0.9963168213601695,
                0.0036831786398304604
            ],
            [
                0.00046748389777685436,
                0.9995325161022232
            ]
        ],
        "labels": [
            "BENIGN",
            "ANOMALY"
        ]
    },
    "Friday": {
        "matrix": [
            [
                0.9999772732437899,
                2.2726756210086133e-05
            ],
            [
                5.252514641384563e-05,
                0.9999474748535861
            ]
        ],
        "labels": [
            "BENIGN",
            "ANOMALY"
        ]
    }
}