{
    "Tuesday": {
        "src2dst_psh_packets": 0.09385681713454615,
        "bidirectional_mean_ps": 0.08412855775247541,
        "bidirectional_stddev_ps": 0.08260723384065248,
        "dst2src_mean_ps": 0.06790460490465994,
        "bidirectional_psh_packets": 0.06567740995407474,
        "dst2src_psh_packets": 0.06458839765582568,
        "dst2src_stddev_ps": 0.04809090544312485,
        "bidirectional_max_piat_ms": 0.046987754393379974,
        "bidirectional_duration_ms": 0.04698063238778235,
        "dst2src_max_ps": 0.03901593168054749,
        "dst2src_max_piat_ms": 0.03799699215117075,
        "src2dst_max_piat_ms": 0.037086314327276645,
        "bidirectional_max_ps": 0.03706460333921264,
        "bidirectional_stddev_piat_ms": 0.03339891031967041,
        "dst2src_bytes": 0.02556351519071341,
        "dst2src_mean_piat_ms": 0.023251793434135134,
        "src2dst_stddev_ps": 0.021000885497583607,
        "dst2src_stddev_piat_ms": 0.020259592146866057,
        "dst2src_packets": 0.017193397232375965,
        "src2dst_packets": 0.015307114580441743,
        "bidirectional_rst_packets": 0.012722723737212737,
        "src2dst_max_ps": 0.012434660786499439,
        "src2dst_stddev_piat_ms": 0.010186697354183365,
        "bidirectional_mean_piat_ms": 0.010062186531701302,
        "src2dst_bytes": 0.010040241313305958,
        "src2dst_mean_piat_ms": 0.009174630120166083,
        "bidirectional_ack_packets": 0.008722117108403664,
        "src2dst_min_ps": 0.007868742160910398,
        "src2dst_mean_ps": 0.004282521965423981,
        "bidirectional_fin_packets": 0.0029029622607516874,
        "dst2src_min_ps": 0.0018624307540881038,
        "bidirectional_min_ps": 0.0013591592873510702,
        "bidirectional_syn_packets": 0.00032042386372846984,
        "dst2src_min_piat_ms": 3.9474355414911005e-05,
        "src2dst_min_piat_ms": 3.740384791173811e-05,
        "protocol": 2.226118643160553e-05,
        "bidirectional_min_piat_ms": 0.0,
        "bidirectional_urg_packets": 0.0,
        "bidirectional_cwr_packets": 0.0,
        "bidirectional_ece_packets": 0.0,
        "src2dst_urg_packets": 0.0,
        "dst2src_urg_packets": 0.0
    },
    "Wednesday": {
        "dst2src_stddev_ps": 0.1734143098875303,
        "bidirectional_stddev_ps": 0.16499738259505542,
        "dst2src_mean_ps": 0.11001724511421726,
        "dst2src_max_ps": 0.09538541672218058,
        "bidirectional_max_ps": 0.09268435819357775,
        "dst2src_bytes": 0.06282265363497631,
        "bidirectional_mean_ps": 0.05464935988516507,
        "bidirectional_psh_packets": 0.03477354557740929,
        "bidirectional_rst_packets": 0.028254460164231818,
        "src2dst_max_ps": 0.026542221833614765,
        "src2dst_psh_packets": 0.023887557440056325,
        "src2dst_mean_ps": 0.017236709841270983,
        "dst2src_psh_packets": 0.013836451807603395,
        "src2dst_packets": 0.012704088177314958,
        "src2dst_bytes": 0.012433169532611263,
        "dst2src_packets": 0.01239356201858045,
        "src2dst_stddev_ps": 0.011485698611115704,
        "dst2src_stddev_piat_ms": 0.008407100790418032,
        "bidirectional_ack_packets": 0.008042079223181332,
        "bidirectional_fin_packets": 0.00586091779915614,
        "dst2src_min_ps": 0.005745281665369108,
        "dst2src_max_piat_ms": 0.003772813492409483,
        "src2dst_min_ps": 0.0024377778319876597,
        "bidirectional_max_piat_ms": 0.0023080344485930594,
        "dst2src_mean_piat_ms": 0.0020863860721956526,
        "bidirectional_mean_piat_ms": 0.0020319746303574778,
        "bidirectional_duration_ms": 0.001963189869096581,
        "dst2src_min_piat_ms": 0.0015373221627835556,
        "bidirectional_syn_packets": 0.0015088655739456825,
        "bidirectional_stddev_piat_ms": 0.0014364358876937547,
        "src2dst_mean_piat_ms": 0.001425777670016328,
        "src2dst_stddev_piat_ms": 0.0011381845253402893,
        "src2dst_max_piat_ms": 0.001077427821474743,
        "bidirectional_min_ps": 0.0006919960678752984,
        "src2dst_min_piat_ms": 0.000429624890123776,
        "protocol": 0.00041830940876338296,
        "bidirectional_min_piat_ms": 0.00016155940307157783,
        "bidirectional_ece_packets": 5.000205831694283e-07,
        "bidirectional_cwr_packets": 2.497090523612499e-07,
        "bidirectional_urg_packets": 0.0,
        "src2dst_urg_packets": 0.0,
        "dst2src_urg_packets": 0.0
    },
    "Thursday": {
        "bidirectional_max_ps": 0.17342475216787237,
        "src2dst_bytes": 0.15108315297635794,
        "src2dst_max_ps": 0.09195810917206419,
        "bidirectional_mean_ps": 0.08843777585323785,
        "src2dst_mean_ps": 0.07910397928914237,
        "dst2src_bytes": 0.07298789218782463,
        "dst2src_max_ps": 0.06509847201443823,
        "bidirectional_stddev_ps": 0.059344227100745585,
        "dst2src_mean_ps": 0.053688669726117015,
        "bidirectional_duration_ms": 0.020894182714531508,
        "dst2src_min_ps": 0.020126682285834967,
        "protocol": 0.019721059189165082,
        "bidirectional_syn_packets": 0.018609639122944912,
        "src2dst_packets": 0.017695011851226922,
        "src2dst_min_ps": 0.017348016373532137,
        "bidirectional_mean_piat_ms": 0.010975631210814862,
        "bidirectional_min_ps": 0.00988082312812725,
        "bidirectional_ack_packets": 0.007676795962183012,
        "dst2src_max_piat_ms": 0.006089806552957489,
        "dst2src_packets": 0.004413212634286902,
        "bidirectional_rst_packets": 0.0023577876481491985,
        "bidirectional_max_piat_ms": 0.00207072929708076,
        "src2dst_max_piat_ms": 0.0018143704261944825,
        "bidirectional_stddev_piat_ms": 0.0011170131837722928,
        "dst2src_stddev_ps": 0.0010410954400149398,
        "bidirectional_fin_packets": 0.0005912851533844237,
        "src2dst_mean_piat_ms": 0.000431713220936057,
        "src2dst_psh_packets": 0.0004138507579903415,
        "bidirectional_psh_packets": 0.00022486573941312834,
        "bidirectional_min_piat_ms": 0.0002183363670281897,
        "dst2src_psh_packets": 0.00019115274983253055,
        "dst2src_mean_piat_ms": 0.00019048676003917587,
        "dst2src_stddev_piat_ms": 0.00015067449333445535,
        "src2dst_stddev_ps": 0.00012247601896190865,
        "dst2src_min_piat_ms": 8.990097329578502e-05,
        "bidirectional_ece_packets": 8.080841613270432e-05,
        "bidirectional_cwr_packets": 7.794158237342796e-05,
        "src2dst_stddev_piat_ms": 7.35918090985884e-05,
        "bidirectional_urg_packets": 6.2027734843063e-05,
        "src2dst_urg_packets": 5.9337341263752186e-05,
        "src2dst_min_piat_ms": 5.824541795263517e-05,
        "dst2src_urg_packets": 4.417955502953251e-06
    },
    "Friday": {
        "bidirectional_rst_packets": 0.1987348383674455,
        "src2dst_max_ps": 0.12434993869295694,
        "src2dst_mean_ps": 0.1147997015465807,
        "bidirectional_min_ps": 0.06884850543821164,
        "dst2src_min_ps": 0.0589976276917221,
        "bidirectional_syn_packets": 0.05742009855818305,
        "dst2src_mean_ps": 0.04567768576248286,
        "src2dst_stddev_ps": 0.034670207463830156,
        "dst2src_max_ps": 0.028197613841208155,
        "bidirectional_ack_packets": 0.027951029827509483,
        "protocol": 0.02714592145381872,
        "dst2src_bytes": 0.024398649359494477,
        "bidirectional_mean_ps": 0.022282872449854954,
        "src2dst_bytes": 0.021704986024232955,
        "bidirectional_psh_packets": 0.017506073778237614,
        "bidirectional_stddev_ps": 0.016832321139619497,
        "src2dst_psh_packets": 0.015572706452759823,
        "dst2src_stddev_ps": 0.015067111197057092,
        "src2dst_min_piat_ms": 0.012896516422264673,
        "bidirectional_max_ps": 0.01275194158058664,
        "dst2src_max_piat_ms": 0.007353484180678716,
        "dst2src_mean_piat_ms": 0.0063708354786903626,
        "dst2src_packets": 0.005870045851232004,
        "src2dst_packets": 0.00533008581780984,