{
    "('Tuesday', 'DecisionTree')": [
        [
            0.9998849516797055,
            1.0458938208593064e-05,
            0.00010458938208593064
        ],
        [
            0.0,
            1.0,
            0.0
        ],
        [
            0.0022371364653243847,
            0.0,
            0.9977628635346756
        ]
    ],
    "('Tuesday', 'RandomForest')": [
        [
            1.0,
            0.0,
            0.0
        ],
        [
            0.0,
            1.0,
            0.0
        ],
        [
            0.0022371364653243847,
            0.0,
            0.9977628635346756
        ]
    ],
    "('Tuesday', 'NaiveBayes')": [
        [
            1.0,
            0.0,
            0.0
        ],
        [
            0.014190317195325543,
            0.9858096828046744,
            0.0
        ],
        [
            0.015659955257270694,
            0.0,
            0.9843400447427293
        ]
    ],
    "('Wednesday', 'DecisionTree')": [
        [
            0.999797529864345,
            8.098805426199635e-05,
            9.11115610447459e-05,
            1.0123506782749544e-05,
            2.0247013565499087e-05,
            0.0
        ],
        [
            0.0029473684210526317,
            0.9949473684210526,
            0.0008421052631578948,
            0.0012631578947368421,
            0.0,
            0.0
        ],
        [
            8.437394532568343e-05,
            8.437394532568343e-05,
            0.9997890651366858,
            0.0,
            4.2186972662841714e-05,
            0.0
        ],
        [
            0.017114914425427872,
            0.0,
            0.0024449877750611247,
            0.9596577017114915,
            0.02078239608801956,
            0.0
        ],
        [
            0.0012836970474967907,
            0.0,
            0.0,
            0.0,
            0.9987163029525032,
            0.0
        ],
        [
            0.3333333333333333,
            0.0,
            0.0,
            0.0,
            0.0,
            0.6666666666666666
        ]
    ],
    "('Wednesday', 'RandomForest')": [
        [
            0.9999898764932172,
            0.0,
            1.0123506782749544e-05,
            0.0,
            0.0,
            0.0
        ],
        [
            0.0004210526315789474,
            0.9970526315789474,
            0.0008421052631578948,
            0.0016842105263157896,
            0.0,
            0.0
        ],
        [
            4.2186972662841714e-05,
            0.00010546743165710429,
            0.99985234559568,
            0.0,
            0.0,
            0.0
        ],
        [
            0.014669926650366748,
            0.0,
            0.0,
            0.9645476772616137,
            0.02078239608801956,
            0.0
        ],
        [
            0.0012836970474967907,
            0.0,
            0.0,
            0.0,
            0.9987163029525032,
            0.0
        ],
        [
            0.3333333333333333,
            0.0,
            0.0,
            0.0,
            0.0,
            0.6666666666666666
        ]
    ],
    "('Wednesday', 'NaiveBayes')": [
        [
            0.6902611864749949,
            0.03184855233853007,
            0.01582304110143754,
            0.18149422960113384,
            0.08035027333468313,
            0.00022271714922048998
        ],
        [
            0.0008421052631578948,
            0.8656842105263158,
            0.08463157894736842,
            0.03663157894736842,
            0.012210526315789474,
            0.0
        ],
        [
            0.00040077624029699626,
            0.021367701653729327,
            0.9779151198110023,
            0.00016874789065136686,
            0.000147654404319946,
            0.0
        ],
        [
            0.0012224938875305623,
            0.0024449877750611247,
            0.0,
            0.5794621026894865,
            0.41687041564792177,
            0.0
        ],
        [
            0.0,
            0.0,
            0.0006418485237483953,
            0.06290115532734275,
            0.9364569961489089,
            0.0
        ],
        [
            0.0,
            0.0,
            0.0,
            0.0,
            0.0,
            1.0
        ]
    ],
    "('Thursday', 'DecisionTree')": [
        [
            0.9961694942145763,
            2.2665714706648987e-05,
            0.0036831786398304604,
            6.799714411994697e-05,
            2.2665714706648987e-05,
            3.3998572059973484e-05
        ],
        [
            0.25,
            0.75,
            0.0,
            0.0,
            0.0,
            0.0
        ],
        [
            0.0007817793297545212,
            0.0,
            0.9992182206702455,
            0.0,
            0.0,
            0.0
        ],
        [
            0.044444444444444446,
            0.0,
            0.0,
            0.9555555555555556,
            0.0,
            0.0
        ],
        [
            0.75,
            0.0,
            0.0,
            0.0,
            0.25,
            0.0
        ],
        [
            0.125,
            0.0,
            0.0,
            0.25,
            0.0,
            0.625
        ]
    ],
    "('Thursday', 'RandomForest')": [
        [
            0.9963168213601695,
            0.0,
            0.0036831786398304604,
            0.0,
            0.0,
            0.0
        ],
        [
            0.25,
            0.75,
            0.0,
            0.0,
            0.0,
            0.0
        ],
        [
            0.0007817793297545212,
            0.0,
            0.9992182206702455,
            0.0,
            0.0,
            0.0
        ],
        [
            0.044444444444444446,
            0.0,
            0.0,
            0.9555555555555556,
            0.0,
            0.0
        ],
        [
            0.5,
            0.0,
            0.0,
            0.0,
            0.5,
            0.0
        ],
        [
            0.25,
            0.0,
            0.0,
            0.125,
            0.0,
            0.625
        ]
    ],
    "('Thursday', 'NaiveBayes')": [
        [
            0.8803930234930133,
            0.008442978728226748,
            0.0036605129251238116,
            0.08625437731615272,
            0.0008386314441460126,
            0.020410476093337414
        ],
        [
            0.0,
            1.0,
            0.0,
            0.0,
            0.0,
            0.0
        ],
        [
            0.0009381351957054256,
            0.0017720331474435815,
            0.997289831656851,
            0.0,
            0.0,
            0.0
        ],
        [
            0.0,
            0.0,
            0.0,
            0.5111111111111111,
            0.4888888888888889,
            0.0
        ],
        [
            0.0,
            0.0,
            0.0,
            0.0,
            1.0,
            0.0
        ],
        [
            0.0,
            0.0,
            0.0,
            0.0,
            0.125,
            0.875
        ]
    ],
    "('Friday', 'DecisionTree')": [
        [
            0.9999090929751596,
            2.2726756210086133e-05,
            3.40901343151292e-05,
            3.40901343151292e-05
        ],
        [
            0.01809954751131222,
            0.9819004524886877,
            0.0,
            0.0
        ],
        [
            0.00046504972454747083,
            0.0,
            0.9994634041639837,
            7.154611146884167e-05
        ],
        [
            0.00010421225953021114,
            0.0,
            0.0,
            0.9998957877404698
        ]
    ],