{
    "Tuesday": {
        "matrix": [
            [
                1.0,
                0.0,
                0.0
            ],
            [
                0.0,
                1.0,
                0.0
            ],
            [
                0.007829977628635347,
                0.0,
                0.9921700223713646
            ]
        ],
        "labels": [
            "BENIGN",
            "FTP-Patator",
            "SSH-Patator"
        ]
    },
    "Wednesday": {
        "matrix": [
            [
                1.0,
                0.0,
                0.0,
                0.0,
                0.0,
                0.0
            ],
            [
                0.0004405286343612335,
                0.9982378854625551,
                0.0,
                0.0013215859030837004,
                0.0,
                0.0
            ],
            [
                6.310342651605982e-05,
                0.0,
                0.999936896573484,
                0.0,
                0.0,
                0.0
            ],
            [
                0.0038240917782026767,
                0.0,
                0.0,
                0.9961759082217974,
                0.0,
                0.0
            ],
            [
                0.0008333333333333334,
                0.0,
                0.0,
                0.0,
                0.9991666666666666,
                0.0
            ],
            [
                0.0,
                0.0,
                0.0,
                0.0,
                0.0,
                1.0
            ]
        ],
        "labels": [
            "BENIGN",
            "DoS GoldenEye",
            "DoS Hulk",
            "DoS Slowhttptest",
            "DoS slowloris",
            "Heartbleed"
        ]
    },
    "Thursday": {
        "matrix": [
            [
                1.0,
                0.0,
                0.0,
                0.0,
                0.0
            ],
            [
                0.3,
                0.7,
                0.0,
                0.0,
                0.0
            ],
            [
                0.08888888888888889,
                0.0,
                0.9111111111111111,
                0.0,
                0.0
            ],
            [
                0.75,
                0.0,
                0.0,
                0.25,
                0.0
            ],
            [
                0.25,
                0.0,
                0.0,
                0.0,
                0.75
            ]
        ],
        "labels": [
            "BENIGN",
            "Infiltration",
            "Web Attack - Brute Force",
            "Web Attack - Sql Injection",
            "Web Attack - XSS"
        ]
    },
    "Friday": {
        "matrix": [
            [
                0.9978251911542512,
                0.0,
                0.0,
                0.002174808845748821
            ],
            [
                0.0,
                1.0,
                0.0,
                0.0
            ],
            [
                0.0,
                0.0,
                1.0,
                0.0
            ],
            [
                0.00033538055212023395,
                0.0,
                0.0,
                0.9996646194478798
            ]
        ],
        "labels": [
            "BENIGN",
            "Bot",
            "DDoS",
            "PortScan"
        ]
    }
}