{
    "Tuesday": {
        "Total Length of Bwd Packet": 0.07355134955849878,
        "PSH Flag Count": 0.06694075973508411,
        "Packet Length Mean": 0.06544679747783749,
        "Fwd PSH Flags": 0.06470577564354361,
        "Bwd Packet Length Mean": 0.06466388597860685,
        "Bwd PSH Flags": 0.0628320686493779,
        "Packet Length Max": 0.060998002285053775,
        "Packet Length Std": 0.05384192829188162,
        "Total Bwd packets": 0.047025959209002766,
        "Total Length of Fwd Packet": 0.04510272820712807,
        "Bwd Packet Length Max": 0.0428799868807975,
        "ACK Flag Count": 0.03641824862081336,
        "Bwd Packet Length Std": 0.03618001387758873,
        "Fwd Packet Length Max": 0.035159548870514826,
        "Total Fwd Packet": 0.032302194990285533,
        "RST Flag Count": 0.027476648736988428,
        "Bwd IAT Std": 0.022941763336861223,
        "Fwd Packet Length Std": 0.022939713339226318,
        "Flow IAT Std": 0.022092160047051505,
        "Fwd Packet Length Mean": 0.021610957990310306,
        "Fwd IAT Min": 0.015737279325433156,
        "Bwd IAT Max": 0.013564616488641476,
        "Fwd IAT Max": 0.012981017315542702,
        "Flow Duration": 0.012209168687285577,
        "Fwd IAT Std": 0.00904590428345184,
        "Bwd IAT Mean": 0.008839092352637672,
        "Flow IAT Max": 0.007733343198842921,
        "Fwd IAT Mean": 0.00653543674907192,
        "Flow IAT Mean": 0.0027189934613408516,
        "Flow IAT Min": 0.002704097119548586,
        "Bwd IAT Min": 0.0011973484743246026,
        "SYN Flag Count": 0.0010198375263906724,
        "Fwd Packet Length Min": 0.00035258800244239045,
        "FIN Flag Count": 0.00022324815527869013,
        "Protocol": 1.4000361877917187e-05,
        "Bwd Packet Length Min": 7.75302522592135e-06,
        "Packet Length Min": 5.783746210453559e-06,
        "URG Flag Count": 0.0,
        "CWR Flag Count": 0.0,
        "ECE Flag Count": 0.0,
        "Fwd URG Flags": 0.0,
        "Bwd URG Flags": 0.0
    },
    "Wednesday": {
        "Bwd Packet Length Std": 0.1663017689507327,
        "Total Length of Bwd Packet": 0.12412354141371475,
        "Bwd Packet Length Mean": 0.10447930590501683,
        "Packet Length Std": 0.09876669864539793,
        "Packet Length Mean": 0.08717826409764884,
        "Packet Length Max": 0.0697221820994406,
        "Fwd Packet Length Max": 0.054579745853811014,
        "Bwd Packet Length Max": 0.051672005275898436,
        "Fwd Packet Length Std": 0.033377092702972094,
        "RST Flag Count": 0.025677948507112636,
        "Total Length of Fwd Packet": 0.01753547770265624,
        "Fwd PSH Flags": 0.017113135842990145,
        "Bwd IAT Max": 0.017071634180447704,
        "PSH Flag Count": 0.014296024680905843,
        "Total Bwd packets": 0.014012491207011951,
        "Bwd IAT Mean": 0.013993073794604773,
        "Bwd PSH Flags": 0.013365671273979697,
        "Bwd IAT Std": 0.01195371718206445,
        "ACK Flag Count": 0.011559410631857845,
        "Total Fwd Packet": 0.007665142136349117,
        "Flow IAT Max": 0.007003135464453449,
        "FIN Flag Count": 0.005264122187301023,
        "Flow Duration": 0.003606652695160662,
        "Protocol": 0.0035973186959628346,
        "Flow IAT Std": 0.003582995423462632,
        "Fwd IAT Std": 0.0034184174325005696,
        "Fwd IAT Mean": 0.0033875682605184654,
        "Fwd IAT Max": 0.0033378652229774904,
        "Flow IAT Mean": 0.002804946917511112,
        "Fwd IAT Min": 0.002742279237746879,
        "Bwd IAT Min": 0.0019564111700892083,
        "Fwd Packet Length Mean": 0.001648603097698076,
        "Fwd Packet Length Min": 0.0007014884368967509,
        "Flow IAT Min": 0.0006720252453162997,
        "Packet Length Min": 0.0006687443161493864,
        "SYN Flag Count": 0.0006509654331748032,
        "Bwd Packet Length Min": 0.0005117000483247705,
        "CWR Flag Count": 3.0719011831247256e-07,
        "ECE Flag Count": 1.2144002347305825e-07,
        "URG Flag Count": 0.0,
        "Fwd URG Flags": 0.0,
        "Bwd URG Flags": 0.0
    },
    "Thursday": {
        "Fwd PSH Flags": 0.07299514037195125,
        "Total Length of Fwd Packet": 0.06520748637465888,
        "Packet Length Max": 0.060729670408830656,
        "PSH Flag Count": 0.05159504666981626,
        "Total Bwd packets": 0.04285275608984467,
        "Fwd IAT Min": 0.042621607044278295,
        "Bwd PSH Flags": 0.03790261424192246,
        "Bwd Packet Length Max": 0.037019338250467784,
        "Fwd Packet Length Mean": 0.03507127296150414,
        "Total Fwd Packet": 0.034371132935702264,
        "Flow IAT Max": 0.03308093163588009,
        "Fwd IAT Mean": 0.032510987629129726,
        "Bwd Packet Length Std": 0.032344726329526834,
        "Bwd Packet Length Mean": 0.030282813742878032,
        "Total Length of Bwd Packet": 0.029314765639862496,
        "Packet Length Std": 0.02910767443099502,
        "Bwd IAT Mean": 0.029035108291202563,
        "Packet Length Mean": 0.028443504533539388,
        "Flow IAT Std": 0.027682532467678392,
        "Fwd IAT Max": 0.025618216686249654,
        "Bwd IAT Max": 0.024797261274301364,
        "ACK Flag Count": 0.02310253437140803,
        "Fwd Packet Length Max": 0.022999316668055745,
        "Fwd IAT Std": 0.020915284416069938,
        "Flow Duration": 0.020882635899774956,
        "Fwd Packet Length Std": 0.020398286708136624,
        "Flow IAT Min": 0.019868939235480162,
        "Flow IAT Mean": 0.018553563819099804,
        "Fwd Packet Length Min": 0.01608980889090996,
        "Bwd IAT Min": 0.01562913473989289,
        "Bwd IAT Std": 0.012628950092056359,
        "FIN Flag Count": 0.004235239673450564,
        "RST Flag Count": 0.0007516204995346587,
        "Packet Length Min": 0.0005945093696483855,
        "SYN Flag Count": 0.0005343284852990728,
        "Protocol": 0.0001713018521925719,
        "Bwd Packet Length Min": 5.99572687701547e-05,
        "URG Flag Count": 0.0,
        "CWR Flag Count": 0.0,
        "ECE Flag Count": 0.0,
        "Fwd URG Flags": 0.0,
        "Bwd URG Flags": 0.0
    },
    "Friday": {
        "Fwd Packet Length Mean": 0.14883829220003233,
        "Total Length of Fwd Packet": 0.14763151801969338,
        "Fwd Packet Length Max": 0.10513820744596633,
        "Flow Duration": 0.07718643438896315,
        "Packet Length Max": 0.05566470372138198,
        "Flow IAT Max": 0.051976160476905266,
        "Bwd Packet Length Std": 0.04236295631448798,
        "Bwd Packet Length Mean": 0.0423147535665853,
        "RST Flag Count": 0.04207182794197051,
        "Flow IAT Mean": 0.04011445493226651,
        "Bwd Packet Length Max": 0.03867872409704303,
        "Packet Length Std": 0.037854041852594146,
        "Total Length of Bwd Packet": 0.03601282309020613,
        "Packet Length Mean": 0.02897171860676754,
        "Fwd Packet Length Std": 0.015634555785264893,
        "Fwd IAT Mean": 0.0155843084994168,
        "Fwd IAT Max": 0.012509390887560586,
        "Total Bwd packets": 0.011110872166690024,
        "Flow IAT Min": 0.007938458259879417,
        "Fwd IAT Min": 0.0059067571095685984,
        "Fwd IAT Std": 0.005548737969227918,
        "Total Fwd Packet": 0.005104378110023834,
        "ACK Flag Count": 0.00475901371735524,
        "Flow IAT Std": 0.0043425153853506185,
        "FIN Flag Count": 0.004177703665616677,
        "Bwd IAT Mean": 0.00405134030829884,
        "SYN Flag Count": 0.0033522721589297755,
        "Bwd IAT Min": 0.0017948080636275585,
        "Fwd PSH Flags": 0.0014993475852060757,
        "Bwd PSH Flags": 0.0006360972389631787,
        "Bwd IAT Std": 0.0005128856541534041,
        "Protocol": 0.0002517398165838652,
        "PSH Flag Count": 0.00022729451966993326,
        "Bwd IAT Max": 0.00021374439444616115,
        "Fwd Packet Length Min": 1.012289135911794e-05,
        "Packet Length Min": 8.524479290507978e-06,
        "Bwd Packet Length Min": 8.514678653417573e-06,
        "URG Flag Count": 0.0,
        "CWR Flag Count": 0.0,