{
    "Tuesday": {
        "matrix": [
            [
                0.9999780852338306,
                2.1914766169444973e-05
            ],
            [
                0.0003045994517209869,
                0.999695400548279
            ]
        ],
        "labels": [
            "BENIGN",
            "ANOMALY"
        ]
    },
    "Wednesday": {
        "matrix": [
            [
                0.9999372904657389,
                6.270953426111285e-05
            ],
            [
                0.0005160649094975057,
                0.9994839350905025
            ]
        ],
        "labels": [
            "BENIGN",
            "ANOMALY"
        ]
    },
    "Thursday": {
        "matrix": [
            [
                0.9974702716638201,
                0.002529728336179949
            ],
            [
                0.09727662749487036,
                0.9027233725051297
            ]
        ],
        "labels": [
            "BENIGN",
            "ANOMALY"
        ]
    },
    "Friday": {
        "matrix": [
            [
                0.9999935769386405,
                6.4230613595051676e-06
            ],
            [
                0.0007270838743183588,
                0.9992729161256816
            ]
        ],
        "labels": [
            "BENIGN",
            "ANOMALY"
        ]
    }
}