{
    "Tuesday": {
        "bidirectional_max_ps": 0.0915921786457577,
        "src2dst_max_ps": 0.08383772976735938,
        "bidirectional_stddev_ps": 0.08369312048617182,
        "bidirectional_psh_packets": 0.07031730160697056,
        "bidirectional_mean_ps": 0.0603990915103491,
        "src2dst_psh_packets": 0.056106114326740085,
        "dst2src_mean_ps": 0.040021527684657526,
        "dst2src_psh_packets": 0.03730859512277255,
        "src2dst_bytes": 0.0363621966493979,
        "dst2src_stddev_ps": 0.032653830607382715,
        "src2dst_mean_ps": 0.03236930060966237,
        "src2dst_max_piat_ms": 0.03234663499734373,
        "src2dst_stddev_ps": 0.028658151903840717,
        "bidirectional_ack_packets": 0.028492568797476876,
        "src2dst_min_ps": 0.02828885046439387,
        "bidirectional_duration_ms": 0.025122611607540334,
        "dst2src_stddev_piat_ms": 0.024265229971661376,
        "dst2src_max_ps": 0.02339750655000647,
        "bidirectional_stddev_piat_ms": 0.02163634233116889,
        "src2dst_packets": 0.02133063532461431,
        "dst2src_packets": 0.02131791365330517,
        "bidirectional_max_piat_ms": 0.01907627174102336,
        "dst2src_bytes": 0.018726074436248425,
        "dst2src_mean_piat_ms": 0.018010038419488547,
        "bidirectional_mean_piat_ms": 0.017853354433000384,
        "dst2src_max_piat_ms": 0.012051503205113927,
        "src2dst_stddev_piat_ms": 0.011891636966797075,
        "src2dst_mean_piat_ms": 0.008049567532202295,
        "bidirectional_rst_packets": 0.005917262781450023,
        "bidirectional_min_ps": 0.005346027350946344,
        "bidirectional_fin_packets": 0.001731560917716168,
        "dst2src_min_ps": 0.0012424436003546427,
        "bidirectional_syn_packets": 0.00032749907660436074,
        "src2dst_min_piat_ms": 0.00010532939775653927,
        "protocol": 9.18172279204561e-05,
        "dst2src_min_piat_ms": 3.338181008173584e-05,
        "bidirectional_min_piat_ms": 2.8798484722254974e-05,
        "bidirectional_urg_packets": 0.0,
        "bidirectional_cwr_packets": 0.0,
        "bidirectional_ece_packets": 0.0,
        "src2dst_urg_packets": 0.0,
        "dst2src_urg_packets": 0.0
    },
    "Wednesday": {
        "bidirectional_stddev_ps": 0.21011016223414333,
        "dst2src_stddev_ps": 0.15309026050397845,
        "bidirectional_max_ps": 0.10672189671024497,
        "dst2src_max_ps": 0.08849238187528514,
        "bidirectional_mean_ps": 0.0777859833157057,
        "dst2src_mean_ps": 0.06984632369182517,
        "dst2src_bytes": 0.05362707145078696,
        "src2dst_mean_ps": 0.048942344874583626,
        "src2dst_max_ps": 0.025645668837202772,
        "bidirectional_psh_packets": 0.023831448058214074,
        "src2dst_stddev_ps": 0.022321167761972648,
        "bidirectional_ack_packets": 0.020085495137627238,
        "dst2src_stddev_piat_ms": 0.017920020314462506,
        "dst2src_packets": 0.014254980259528427,
        "dst2src_psh_packets": 0.0118462912706306,
        "dst2src_max_piat_ms": 0.009468256508643452,
        "src2dst_bytes": 0.0050696688117152135,
        "src2dst_packets": 0.005003342532111257,
        "src2dst_stddev_piat_ms": 0.004984123288576496,
        "src2dst_max_piat_ms": 0.0044473557206938,
        "src2dst_psh_packets": 0.0042758109824443434,
        "bidirectional_stddev_piat_ms": 0.002874235009238176,
        "dst2src_min_ps": 0.0027652869923672895,
        "bidirectional_syn_packets": 0.002412355542212701,
        "src2dst_mean_piat_ms": 0.0024044583343175827,
        "src2dst_min_ps": 0.0021538957198265845,
        "dst2src_mean_piat_ms": 0.0021186281216524563,
        "dst2src_min_piat_ms": 0.0020052065235508,
        "bidirectional_min_ps": 0.001330602291082935,
        "bidirectional_mean_piat_ms": 0.001016326989417117,
        "bidirectional_max_piat_ms": 0.0008839123682355226,
        "bidirectional_duration_ms": 0.0008686490400000853,
        "bidirectional_fin_packets": 0.000760073913516065,
        "src2dst_min_piat_ms": 0.0003224697597205451,
        "bidirectional_rst_packets": 0.00016109833645014813,
        "bidirectional_min_piat_ms": 0.00010968395917171808,
        "protocol": 4.30629588642311e-05,
        "bidirectional_urg_packets": 0.0,
        "bidirectional_cwr_packets": 0.0,
        "bidirectional_ece_packets": 0.0,
        "src2dst_urg_packets": 0.0,
        "dst2src_urg_packets": 0.0
    },
    "Thursday": {
        "bidirectional_syn_packets": 0.1921874309147975,
        "src2dst_bytes": 0.18161051307735754,
        "bidirectional_ack_packets": 0.12253171316665344,
        "bidirectional_mean_ps": 0.07355770347660809,
        "bidirectional_max_ps": 0.055236671291632594,
        "src2dst_mean_ps": 0.04510220716605225,
        "dst2src_bytes": 0.041841685389773134,
        "dst2src_mean_ps": 0.03839891564756238,
        "bidirectional_rst_packets": 0.036995091213243556,
        "src2dst_max_ps": 0.034909884613669784,
        "bidirectional_stddev_ps": 0.033793478049361635,
        "src2dst_packets": 0.022761407969389302,
        "bidirectional_max_piat_ms": 0.01726880323030105,
        "src2dst_min_ps": 0.014490673109276835,
        "dst2src_max_ps": 0.013999727657999417,
        "bidirectional_fin_packets": 0.013427876233835059,
        "dst2src_packets": 0.013063055061483156,
        "bidirectional_min_ps": 0.011811593540693284,
        "dst2src_min_ps": 0.01175178891913428,
        "src2dst_stddev_ps": 0.007414641883851233,
        "bidirectional_duration_ms": 0.0037253111961622694,
        "bidirectional_mean_piat_ms": 0.003492966386657779,
        "src2dst_max_piat_ms": 0.003010937830156575,
        "src2dst_mean_piat_ms": 0.002353183496633507,
        "bidirectional_psh_packets": 0.0011978121690437084,
        "src2dst_min_piat_ms": 0.0008599114725296343,
        "bidirectional_min_piat_ms": 0.0007548195902639061,
        "src2dst_psh_packets": 0.0004921686021350636,
        "protocol": 0.0004731302186767865,
        "bidirectional_stddev_piat_ms": 0.0002691434126950432,
        "dst2src_stddev_ps": 0.00018585002640151042,
        "dst2src_psh_packets": 0.00017054953187413134,
        "src2dst_stddev_piat_ms": 0.00016176649851501877,
        "dst2src_stddev_piat_ms": 0.00015941386262264678,
        "dst2src_mean_piat_ms": 0.00013494201458310752,
        "dst2src_min_piat_ms": 0.0001297582178039343,
        "dst2src_max_piat_ms": 0.0001149872431902501,
        "bidirectional_ece_packets": 8.503780693512933e-05,
        "bidirectional_cwr_packets": 7.344881044449529e-05,
        "bidirectional_urg_packets": 0.0,
        "src2dst_urg_packets": 0.0,
        "dst2src_urg_packets": 0.0
    },
    "Friday": {
        "bidirectional_syn_packets": 0.20660351141113112,
        "src2dst_bytes": 0.08081012568231817,
        "bidirectional_rst_packets": 0.057432880350157485,
        "dst2src_mean_ps": 0.056327311414029496,
        "dst2src_stddev_ps": 0.04650441974125284,
        "dst2src_bytes": 0.04650268655529491,
        "bidirectional_stddev_ps": 0.04627103439030151,
        "dst2src_max_ps": 0.04619512560943318,
        "src2dst_max_ps": 0.04319428264678107,
        "dst2src_packets": 0.03731452649971221,
        "bidirectional_duration_ms": 0.0350915142145704,
        "bidirectional_max_ps": 0.03447068131747375,
        "bidirectional_mean_ps": 0.029602956465826544,
        "dst2src_min_ps": 0.027874592269872104,
        "src2dst_mean_ps": 0.026466359804916274,
        "bidirectional_ack_packets": 0.025169760460058074,
        "bidirectional_min_ps": 0.024698668867243378,
        "src2dst_packets": 0.018502618665415513,
        "src2dst_max_piat_ms": 0.01471578695732936,
        "bidirectional_mean_piat_ms": 0.014431560779164902,
        "src2dst_min_ps": 0.012372727824783937,
        "src2dst_stddev_ps": 0.011282443268092348,
        "bidirectional_max_piat_ms": 0.010864142691355473,
        "src2dst_psh_packets": 0.010719241051624355,
        "bidirectional_stddev_piat_ms": 0.007548996234357418,