{
    "Tuesday": {
        "matrix": [
            [
                0.9999614030754029,
                3.859692459704811e-05
            ],
            [
                0.22771084337349398,
                0.772289156626506
            ]
        ],
        "labels": [
            "BENIGN",
            "ANOMALY"
        ]
    },
    "Wednesday": {
        "matrix": [
            [
                0.9878852204237899,
                0.012114779576210152
            ],
            [
                0.004210972363838606,
                0.9957890276361614
            ]
        ],
        "labels": [
            "BENIGN",
            "ANOMALY"
        ]
    },
    "Thursday": {
        "matrix": [
            [
                0.999985393250221,
                1.460674977907291e-05
            ],
            [
                0.10977443609022557,
                0.8902255639097745
            ]
        ],
        "labels": [
            "BENIGN",
            "ANOMALY"
        ]
    },
    "Friday": {
        "matrix": [
            [
                0.9994282493155098,
                0.000571750684490256
            ],
            [
                0.0038205826677131906,
                0.9961794173322868
            ]
        ],
        "labels": [
            "BENIGN",
            "ANOMALY"
        ]
    }
}