{
    "Tuesday": {
        "Packet Length Std": 0.08999441934175234,
        "Packet Length Mean": 0.08060069128892394,
        "Fwd Packet Length Max": 0.07324714919742484,
        "Total Backward Packets": 0.07087626560640406,
        "Total Length of Fwd Packets": 0.06252790191491935,
        "Fwd Packet Length Std": 0.0614347875659075,
        "Max Packet Length": 0.05655295993344737,
        "Fwd Packet Length Mean": 0.05411168372066392,
        "Flow IAT Std": 0.042368814530037185,
        "Flow Duration": 0.03544172764734525,
        "Bwd IAT Std": 0.03433925337762345,
        "Bwd Packet Length Mean": 0.030294658628355755,
        "Total Length of Bwd Packets": 0.028566786201679534,
        "Fwd IAT Max": 0.027700774056619953,
        "Flow IAT Max": 0.025282848956815582,
        "Bwd Packet Length Std": 0.02326655346074833,
        "Bwd Packet Length Max": 0.022825214510215845,
        "Flow IAT Mean": 0.022752725831037126,
        "Bwd IAT Max": 0.022301800775505268,
        "Total Fwd Packets": 0.021281763044849255,
        "Bwd IAT Mean": 0.01851441605400813,
        "SYN Flag Count": 0.01839988060731706,
        "Fwd PSH Flags": 0.016176387872013153,
        "Fwd IAT Std": 0.014590244703878824,
        "Flow IAT Min": 0.012431569496948252,
        "Fwd IAT Mean": 0.00832888408845473,
        "Fwd IAT Min": 0.007940477610368242,
        "URG Flag Count": 0.0069227524192990554,
        "Bwd IAT Min": 0.0035626095679932536,
        "Protocol": 0.0028780086683427163,
        "Bwd Packet Length Min": 0.00164286338411623,
        "Fwd Packet Length Min": 0.0010004835946333774,
        "PSH Flag Count": 0.0009874240010057831,
        "ACK Flag Count": 0.0006400017933545014,
        "Min Packet Length": 0.0001370182611963077,
        "FIN Flag Count": 7.819828669869976e-05,
        "RST Flag Count": 9.588004562456085e-14,
        "CWE Flag Count": 0.0,
        "ECE Flag Count": 0.0,
        "Bwd PSH Flags": 0.0,
        "Fwd URG Flags": 0.0,
        "Bwd URG Flags": 0.0
    },
    "Wednesday": {
        "Packet Length Mean": 0.11271188608035368,
        "Max Packet Length": 0.08832910973805308,
        "Bwd Packet Length Std": 0.08207506111389332,
        "Packet Length Std": 0.08094911285670246,
        "Bwd Packet Length Mean": 0.07672844739383367,
        "Bwd Packet Length Max": 0.05960635506171561,
        "Fwd IAT Max": 0.046574369600514,
        "Fwd Packet Length Max": 0.039177596709878054,
        "Fwd IAT Std": 0.03691400062229624,
        "Total Backward Packets": 0.03490721062822146,
        "Fwd IAT Mean": 0.034270546310877864,
        "Fwd Packet Length Mean": 0.0325873661068914,
        "Total Length of Bwd Packets": 0.03135428320859545,
        "Flow IAT Max": 0.031105216037695307,
        "Flow IAT Mean": 0.027614054537466858,
        "Min Packet Length": 0.026488932157027918,
        "Total Length of Fwd Packets": 0.02103684709837788,
        "Flow IAT Std": 0.016165389597926846,
        "Fwd Packet Length Std": 0.015989912545223917,
        "Flow Duration": 0.015190069445967206,
        "Fwd IAT Min": 0.013967280028448619,
        "Total Fwd Packets": 0.0137352198100949,
        "Fwd Packet Length Min": 0.012668463160873613,
        "Flow IAT Min": 0.008393736370512914,
        "URG Flag Count": 0.00801765757587306,
        "Bwd Packet Length Min": 0.007948658648286352,
        "FIN Flag Count": 0.004497948130068428,
        "Bwd IAT Min": 0.004089244340057435,
        "Bwd IAT Mean": 0.0038516514893755277,
        "PSH Flag Count": 0.0034879211789119015,
        "Bwd IAT Max": 0.0034382432484909423,
        "ACK Flag Count": 0.0025659649677868463,
        "Bwd IAT Std": 0.001965595563331769,
        "Fwd PSH Flags": 0.000695158819296271,
        "SYN Flag Count": 0.0005777098036984012,
        "Protocol": 0.0003177070411088895,
        "RST Flag Count": 3.0880285121259e-06,
        "ECE Flag Count": 2.9849437598775893e-06,
        "CWE Flag Count": 0.0,
        "Bwd PSH Flags": 0.0,
        "Fwd URG Flags": 0.0,
        "Bwd URG Flags": 0.0
    },
    "Thursday": {
        "Fwd IAT Min": 0.28385442034090935,
        "Flow IAT Min": 0.1525346275933256,
        "Flow IAT Std": 0.06679822475348977,
        "Fwd IAT Mean": 0.05536062097457868,
        "Fwd IAT Std": 0.04824311360360459,
        "Max Packet Length": 0.04461249731958011,
        "Flow IAT Max": 0.04320213532403819,
        "Flow IAT Mean": 0.040031468282996426,
        "Flow Duration": 0.0343178587392019,
        "Fwd IAT Max": 0.027958668673772977,
        "Total Length of Fwd Packets": 0.027059357319528146,
        "Fwd Packet Length Max": 0.02426628625387749,
        "Packet Length Mean": 0.020476857972813522,
        "Fwd Packet Length Mean": 0.019612045193046795,
        "Total Fwd Packets": 0.016019702317425152,
        "Total Backward Packets": 0.014258444083978814,
        "Packet Length Std": 0.010439624819730382,
        "PSH Flag Count": 0.00939946185002849,
        "ACK Flag Count": 0.009362982510997802,
        "Fwd Packet Length Std": 0.007719897268517333,
        "Bwd IAT Max": 0.007112305682754445,
        "Bwd Packet Length Max": 0.006083449096667506,
        "Bwd Packet Length Mean": 0.006019732045160864,
        "Total Length of Bwd Packets": 0.005625035684609531,
        "Bwd IAT Mean": 0.00452953158667545,
        "Bwd Packet Length Std": 0.00432542391269943,
        "Bwd IAT Std": 0.0040144852319660305,
        "Bwd IAT Min": 0.003212350455529159,
        "Fwd Packet Length Min": 0.0010771919299340613,
        "URG Flag Count": 0.000928113947849444,
        "Min Packet Length": 0.0003250020832067534,
        "CWE Flag Count": 0.0003022737406366472,
        "Fwd PSH Flags": 0.00029748629815123007,
        "Bwd Packet Length Min": 0.00024123281007015697,
        "Protocol": 0.0001977837459880202,
        "SYN Flag Count": 0.00017912852623872187,
        "RST Flag Count": 8.645158790809614e-07,
        "Fwd URG Flags": 3.0079203983068597e-07,
        "FIN Flag Count": 1.2718502261478993e-08,
        "ECE Flag Count": 0.0,
        "Bwd PSH Flags": 0.0,
        "Bwd URG Flags": 0.0
    },
    "Friday": {
        "Fwd Packet Length Max": 0.11323218710191581,
        "Fwd Packet Length Mean": 0.10754655266805942,
        "Total Length of Fwd Packets": 0.09226545873205702,
        "Packet Length Std": 0.050664999352135504,
        "PSH Flag Count": 0.045427931863582155,
        "Packet Length Mean": 0.044929122941356585,
        "Total Fwd Packets": 0.04126422893953918,
        "Bwd Packet Length Mean": 0.040377032978114125,
        "Max Packet Length": 0.03763694730507615,
        "Bwd Packet Length Std": 0.032584377355709945,
        "URG Flag Count": 0.030514574056894336,
        "Min Packet Length": 0.029656528362552965,
        "Bwd Packet Length Max": 0.02930272534839433,
        "Bwd Packet Length Min": 0.028884490118633362,
        "ACK Flag Count": 0.027844454504596928,
        "Fwd IAT Std": 0.02407848885973536,
        "Fwd Packet Length Min": 0.023856190738730902,
        "Total Length of Bwd Packets": 0.022754389633691852,
        "Fwd IAT Max": 0.019116597567833075,
        "Protocol": 0.018156519869829864,
        "Fwd IAT Mean": 0.01805310074520472,
        "Flow IAT Max": 0.016182796067713723,
        "Flow Duration": 0.014847642926569229,
        "Fwd Packet Length Std": 0.013874314087006071,
        "Total Backward Packets": 0.013529246420903706,
        "Fwd IAT Min": 0.010898495066458593,
        "Flow IAT Std": 0.010806717375919995,
        "Flow IAT Mean": 0.010344642033458244,
        "Bwd IAT Max": 0.010305357401346926,
        "Bwd IAT Mean": 0.008199038199821559,
        "Flow IAT Min": 0.005224985535797791,
        "Bwd IAT Std": 0.0033163259917255777,
        "Bwd IAT Min": 0.0032443480855503014,
        "FIN Flag Count": 0.0006244754997014921,
        "Fwd PSH Flags": 0.00023178759661387927,
        "SYN Flag Count": 0.0002229286677694633,
        "RST Flag Count": 0.0,
        "CWE Flag Count": 0.0,