{
    "Tuesday": {
        "matrix": [
            [
                0.9999691224603223,
                3.0877539677638484e-05,
                0.0
            ],
            [
                0.010499790004199917,
                0.9895002099958001,
                0.0
            ],
            [
                0.4759751271905031,
                0.0,
                0.5240248728094969
            ]
        ],
        "labels": [
            "BENIGN",
            "FTP-Patator",
            "SSH-Patator"
        ]
    },
    "Wednesday": {
        "matrix": [
            [
                0.9880141010575794,
                0.0001137182062848262,
                0.011606838254804594,
                0.00026534248133126115,
                0.0,
                0.0
            ],
            [
                0.003238341968911917,
                0.9941709844559585,
                0.0022668393782383418,
                0.0003238341968911917,
                0.0,
                0.0
            ],
            [
                0.004606225647116763,
                8.690991787012762e-05,
                0.9953068644350131,
                0.0,
                0.0,
                0.0
            ],
            [
                0.0036363636363636364,
                0.0006060606060606061,
                0.0,
                0.9903030303030304,
                0.005454545454545455,
                0.0
            ],
            [
                0.0040253018976423235,
                0.0,
                0.0005750431282346176,
                0.0023001725129384704,
                0.9930994824611846,
                0.0
            ],
            [
                0.0,
                0.0,
                0.0,
                0.0,
                0.0,
                1.0
            ]
        ],
        "labels": [
            "BENIGN",
            "DoS GoldenEye",
            "DoS Hulk",
            "DoS Slowhttptest",
            "DoS slowloris",
            "Heartbleed"
        ]
    },
    "Thursday": {
        "matrix": [
            [
                0.9999707865004418,
                7.303374889536455e-06,
                0.0,
                0.0,
                2.1910124668609365e-05
            ],
            [
                0.36363636363636365,
                0.6363636363636364,
                0.0,
                0.0,
                0.0
            ],
            [
                0.10176991150442478,
                0.0,
                0.7367256637168141,
                0.0,
                0.16150442477876106
            ],
            [
                0.8333333333333334,
                0.0,
                0.0,
                0.16666666666666666,
                0.0
            ],
            [
                0.030612244897959183,
                0.0,
                0.6428571428571429,
                0.0,
                0.32653061224489793
            ]
        ],
        "labels": [
            "BENIGN",
            "Infiltration",
            "Web Attack - Brute Force",
            "Web Attack - Sql Injection",
            "Web Attack - XSS"
        ]
    },
    "Friday": {
        "matrix": [
            [
                0.9994040908358834,
                0.0004751167659848607,
                0.00012079239813174424,
                0.0
            ],
            [
                0.5485519591141397,
                0.4514480408858603,
                0.0,
                0.0
            ],
            [
                0.0009893772130806081,
                0.0,
                0.9990106227869194,
                0.0
            ],
            [
                0.0001259419407653072,
                0.0,
                0.0,
                0.9998740580592347
            ]
        ],
        "labels": [
            "BENIGN",
            "Bot",
            "DDoS",
            "PortScan"
        ]
    }
}