{
    "Tuesday": {
        "Packet Length Mean": 0.09483599492570108,
        "Packet Length Std": 0.08761142473172537,
        "Max Packet Length": 0.07868487905621036,
        "Fwd Packet Length Std": 0.06874295672687528,
        "Fwd Packet Length Mean": 0.059638899207435044,
        "Total Length of Fwd Packets": 0.05718031869622446,
        "Fwd Packet Length Max": 0.055853407277591416,
        "Total Backward Packets": 0.048444885217551574,
        "Bwd Packet Length Mean": 0.04701238377029943,
        "SYN Flag Count": 0.040238931291883745,
        "Bwd Packet Length Std": 0.03303775212592231,
        "Flow IAT Max": 0.02978682284413227,
        "Bwd Packet Length Max": 0.02867084380808428,
        "Bwd IAT Std": 0.02697826819866618,
        "Bwd IAT Mean": 0.025069290146601548,
        "Total Length of Bwd Packets": 0.02477776118201632,
        "Flow Duration": 0.02063103595891168,
        "Fwd PSH Flags": 0.020057625493643205,
        "Flow IAT Mean": 0.01959363023860946,
        "Total Fwd Packets": 0.01909345786770671,
        "Bwd IAT Max": 0.017578515071531024,
        "Fwd IAT Max": 0.017512715561678768,
        "Fwd IAT Mean": 0.015944002603256343,
        "Fwd IAT Std": 0.014726144374350315,
        "Flow IAT Std": 0.013995028791194557,
        "Fwd IAT Min": 0.010479860735797016,
        "Flow IAT Min": 0.009997540798402116,
        "URG Flag Count": 0.0073137429071844515,
        "Bwd IAT Min": 0.0021477211502331796,
        "PSH Flag Count": 0.0021418790911153017,
        "Bwd Packet Length Min": 0.0010785461793300995,
        "ACK Flag Count": 0.0005200317028160158,
        "Min Packet Length": 0.0003737970501214058,
        "Protocol": 0.0001233419412551901,
        "Fwd Packet Length Min": 9.374716781714306e-05,
        "FIN Flag Count": 3.281610159190148e-05,
        "RST Flag Count": 6.5334610326422644e-12,
        "CWE Flag Count": 0.0,
        "ECE Flag Count": 0.0,
        "Bwd PSH Flags": 0.0,
        "Fwd URG Flags": 0.0,
        "Bwd URG Flags": 0.0
    },
    "Wednesday": {
        "Bwd Packet Length Std": 0.10579154557034379,
        "Packet Length Mean": 0.10023481489115771,
        "Max Packet Length": 0.08977781879550827,
        "Bwd Packet Length Mean": 0.08111504080644442,
        "Total Length of Bwd Packets": 0.053175356046335366,
        "Packet Length Std": 0.05153563312894185,
        "Fwd IAT Max": 0.0488437706811448,
        "Flow IAT Mean": 0.041393730483937886,
        "Bwd Packet Length Max": 0.040638733848081136,
        "Flow IAT Max": 0.04003679498233312,
        "Fwd IAT Mean": 0.035913362968100826,
        "Total Backward Packets": 0.03463962314541019,
        "Fwd IAT Std": 0.029225483060594134,
        "Fwd Packet Length Mean": 0.02880445007456375,
        "Flow IAT Std": 0.024713617093855555,
        "Fwd Packet Length Max": 0.022542268948968384,
        "Total Length of Fwd Packets": 0.02151521732645377,
        "Flow Duration": 0.019375306075941602,
        "Total Fwd Packets": 0.01449512560494988,
        "Flow IAT Min": 0.012795252305681085,
        "Min Packet Length": 0.012060536622311968,
        "Fwd Packet Length Min": 0.011962392612068783,
        "Fwd IAT Min": 0.011955223463789976,
        "FIN Flag Count": 0.01053469353986062,
        "Fwd Packet Length Std": 0.010295426986002127,
        "URG Flag Count": 0.008892611813805556,
        "Bwd IAT Max": 0.007542577404439469,
        "Bwd IAT Mean": 0.005869777973189271,
        "Bwd Packet Length Min": 0.005574666606652631,
        "PSH Flag Count": 0.00473403685215032,
        "Bwd IAT Min": 0.004276183270062053,
        "ACK Flag Count": 0.003936640785140573,
        "Bwd IAT Std": 0.003725657519368057,
        "Fwd PSH Flags": 0.0009697322290120939,
        "SYN Flag Count": 0.0007789908326437264,
        "Protocol": 0.0003270638105582308,
        "ECE Flag Count": 6.667268260582549e-07,
        "RST Flag Count": 1.7511337095409599e-07,
        "CWE Flag Count": 0.0,
        "Bwd PSH Flags": 0.0,
        "Fwd URG Flags": 0.0,
        "Bwd URG Flags": 0.0
    },
    "Thursday": {
        "Fwd IAT Min": 0.2685873196075576,
        "Flow IAT Min": 0.12298118904724877,
        "Fwd IAT Std": 0.07666108360599672,
        "Flow IAT Max": 0.05087668597049371,
        "Flow Duration": 0.04948234537243872,
        "Flow IAT Std": 0.04904821320583329,
        "Flow IAT Mean": 0.047710493468125365,
        "Fwd IAT Mean": 0.046283598962214886,
        "Fwd IAT Max": 0.04330512469014328,
        "PSH Flag Count": 0.030739215359669583,
        "Packet Length Mean": 0.02622759403665999,
        "Max Packet Length": 0.02450671383949374,
        "Total Length of Fwd Packets": 0.021749986824631005,
        "Total Fwd Packets": 0.018258029628019555,
        "Packet Length Std": 0.01793037788651527,
        "Fwd Packet Length Mean": 0.01618805188741705,
        "Fwd Packet Length Max": 0.015780280187726467,
        "Total Backward Packets": 0.011936100000681365,
        "Fwd Packet Length Std": 0.007424674212631231,
        "Bwd IAT Max": 0.0073318448525122966,
        "ACK Flag Count": 0.007313368354933954,
        "Bwd Packet Length Max": 0.006172257087592364,
        "Total Length of Bwd Packets": 0.005905273308593809,
        "Bwd Packet Length Std": 0.005696448879702879,
        "Bwd IAT Mean": 0.005562343253957679,
        "Bwd IAT Min": 0.00514997518878522,
        "Bwd Packet Length Mean": 0.004320050823334739,
        "Bwd IAT Std": 0.0035938472395296026,
        "Fwd Packet Length Min": 0.0009725807411351084,
        "URG Flag Count": 0.0006656723272495354,
        "Min Packet Length": 0.00040174284972027463,
        "Protocol": 0.0003778616607688516,
        "Bwd Packet Length Min": 0.00035210465519778416,
        "SYN Flag Count": 0.00022848401964616915,
        "Fwd PSH Flags": 0.0001896587148621708,
        "Fwd URG Flags": 7.466279310443213e-05,
        "ECE Flag Count": 1.4641457585850956e-05,
        "CWE Flag Count": 9.48386048323053e-08,
        "RST Flag Count": 8.27452498459188e-09,
        "FIN Flag Count": 8.851599874933619e-10,
        "Bwd PSH Flags": 0.0,
        "Bwd URG Flags": 0.0
    },
    "Friday": {
        "Total Length of Fwd Packets": 0.11023957489261296,
        "Fwd Packet Length Max": 0.10377275375354075,
        "Fwd Packet Length Mean": 0.07287774864073059,
        "Packet Length Mean": 0.06829415842207777,
        "Bwd Packet Length Mean": 0.06338986735312671,
        "Bwd Packet Length Max": 0.051486443286027715,
        "Bwd Packet Length Std": 0.04944472021736667,
        "Packet Length Std": 0.047221256398574135,
        "PSH Flag Count": 0.041220071532700124,
        "Total Length of Bwd Packets": 0.03847265747821317,
        "Flow Duration": 0.035194793196641844,
        "Flow IAT Max": 0.03393407049428943,
        "Total Fwd Packets": 0.0332241272888601,
        "Max Packet Length": 0.031363403686779694,
        "Fwd IAT Max": 0.027565446702420626,
        "Fwd IAT Std": 0.026382377619449573,
        "Bwd Packet Length Min": 0.02592735064924147,
        "Fwd IAT Mean": 0.020382592577557892,
        "ACK Flag Count": 0.01963529020840345,
        "Flow IAT Mean": 0.01741703788392302,
        "Flow IAT Std": 0.015403694664052128,
        "Min Packet Length": 0.014686813729581707,
        "Fwd IAT Min": 0.011735184037902843,
        "Total Backward Packets": 0.009121493777656548,
        "Fwd Packet Length Std": 0.00867584370677392,
        "Bwd IAT Max": 0.005727989807211235,
        "Fwd Packet Length Min": 0.00510982256699238,
        "URG Flag Count": 0.0037038289764117606,
        "Bwd IAT Mean": 0.0020982315649829887,
        "Bwd IAT Std": 0.00185432004863901,
        "Flow IAT Min": 0.00177775217680808,
        "Protocol": 0.0017305488277352633,
        "Bwd IAT Min": 0.0008495067109265169,
        "FIN Flag Count": 7.448600344131164e-05,
        "SYN Flag Count": 2.389625023220253e-06,
        "Fwd PSH Flags": 2.351493323329905e-06,
        "RST Flag Count": 0.0,
        "CWE Flag Count": 0.0,