{
    "Tuesday": {
        "matrix": [
            [
                1.0,
                0.0
            ],
            [
                0.0,
                1.0
            ]
        ],
        "labels": [
            "BENIGN",
            "ANOMALY"
        ]
    },
    "Wednesday": {
        "matrix": [
            [
                0.9999686703705251,
                3.132962947491541e-05
            ],
            [
                0.00019403535324136057,
                0.9998059646467586
            ]
        ],
        "labels": [
            "BENIGN",
            "ANOMALY"
        ]
    },
    "Thursday": {
        "matrix": [
            [
                1.0,
                0.0
            ],
            [
                0.11940298507462686,
                0.8805970149253731
            ]
        ],
        "labels": [
            "BENIGN",
            "ANOMALY"
        ]
    },
    "Friday": {
        "matrix": [
            [
                0.9978824229659814,
                0.002117577034018589
            ],
            [
                0.0003007872780059111,
                0.9996992127219941
            ]
        ],
        "labels": [
            "BENIGN",
            "ANOMALY"
        ]
    }
}