{
    "Tuesday": {
        "Packet Length Mean": 0.11984140946986775,
        "Fwd PSH Flags": 0.09648418861838767,
        "Packet Length Std": 0.07567150403084728,
        "Bwd PSH Flags": 0.05427250264061283,
        "Bwd Packet Length Mean": 0.04913194340942919,
        "PSH Flag Count": 0.047419700486249466,
        "Total Length of Bwd Packet": 0.04719941730071056,
        "Total Bwd packets": 0.043187348817999203,
        "ACK Flag Count": 0.0403916059064422,
        "Flow IAT Max": 0.03852977071372689,
        "Packet Length Max": 0.030594381708218647,
        "Bwd Packet Length Std": 0.030538725468855606,
        "Fwd Packet Length Max": 0.029392019210867284,
        "Bwd Packet Length Max": 0.02856485998028534,
        "Total Fwd Packet": 0.027333610633569646,
        "RST Flag Count": 0.025387698126625887,
        "Total Length of Fwd Packet": 0.025298474687258984,
        "Flow IAT Std": 0.023434985364622025,
        "Fwd IAT Max": 0.02228425269357578,
        "Fwd Packet Length Mean": 0.021455447951842368,
        "Bwd IAT Mean": 0.01812881485425964,
        "Fwd IAT Std": 0.016930816894198276,
        "Flow Duration": 0.015465256021009965,
        "Flow IAT Mean": 0.014393424374123475,
        "Fwd Packet Length Std": 0.01360151599837178,
        "Bwd IAT Std": 0.012303166218629749,
        "Bwd IAT Max": 0.011744950916734753,
        "Fwd IAT Mean": 0.011311080425125545,
        "SYN Flag Count": 0.004099978292460882,
        "Fwd IAT Min": 0.00285244397124817,
        "FIN Flag Count": 0.0012649203732076262,
        "Flow IAT Min": 0.0010160114962402401,
        "Bwd IAT Min": 0.00043489766360445666,
        "Bwd Packet Length Min": 3.61643243729346e-05,
        "CWR Flag Count": 1.7666913149940355e-06,
        "Protocol": 8.934956034404015e-07,
        "Fwd Packet Length Min": 5.0769499475152025e-08,
        "Packet Length Min": 0.0,
        "URG Flag Count": 0.0,
        "ECE Flag Count": 0.0,
        "Fwd URG Flags": 0.0,
        "Bwd URG Flags": 0.0
    },
    "Wednesday": {
        "Bwd Packet Length Std": 0.16222481641533978,
        "Packet Length Std": 0.13342864285997869,
        "Bwd Packet Length Mean": 0.13011458092162703,
        "Bwd Packet Length Max": 0.09356409244436739,
        "RST Flag Count": 0.08858730166821144,
        "Packet Length Max": 0.07803698020422782,
        "Packet Length Mean": 0.05751337460035057,
        "Total Length of Bwd Packet": 0.0331044747525773,
        "Total Length of Fwd Packet": 0.028262840385567246,
        "PSH Flag Count": 0.025737465126609984,
        "Fwd Packet Length Std": 0.023732086288439754,
        "ACK Flag Count": 0.01882170404058347,
        "Bwd PSH Flags": 0.017207461662190282,
        "Total Bwd packets": 0.016271034322197883,
        "FIN Flag Count": 0.013151069932061625,
        "Fwd Packet Length Max": 0.012953472528483834,
        "Fwd PSH Flags": 0.012186521531861392,
        "Total Fwd Packet": 0.007805202635161612,
        "Bwd IAT Std": 0.0062094445988676965,
        "Bwd IAT Mean": 0.0060340086390775,
        "Bwd IAT Max": 0.0058363837253009735,
        "SYN Flag Count": 0.004820147586598795,
        "Fwd IAT Max": 0.0037892759008237103,
        "Fwd IAT Std": 0.003651616915529363,
        "Flow IAT Max": 0.0028729732564667463,
        "Flow IAT Mean": 0.002522308550151282,
        "Flow IAT Std": 0.0018989135760648836,
        "Fwd Packet Length Mean": 0.0016208163320508263,
        "Bwd IAT Min": 0.001577857244181665,
        "Flow Duration": 0.0010268083630159382,
        "Flow IAT Min": 0.0010099664308733944,
        "Fwd IAT Mean": 0.0009787975644133624,
        "Bwd Packet Length Min": 0.0008956659318670037,
        "Fwd Packet Length Min": 0.0008789240790182884,
        "Protocol": 0.0006813821991783933,
        "Fwd IAT Min": 0.0005417232514015108,
        "Packet Length Min": 0.0004493878895836821,
        "CWR Flag Count": 3.734231181462932e-07,
        "ECE Flag Count": 1.022225798626315e-07,
        "URG Flag Count": 0.0,
        "Fwd URG Flags": 0.0,
        "Bwd URG Flags": 0.0
    },
    "Thursday": {
        "Fwd PSH Flags": 0.08013250031667656,
        "Total Length of Fwd Packet": 0.05906065373026437,
        "Fwd IAT Min": 0.048370737849161315,
        "Fwd Packet Length Mean": 0.04784510028957366,
        "Bwd PSH Flags": 0.047659123983805285,
        "Bwd Packet Length Std": 0.045186459612802155,
        "Total Length of Bwd Packet": 0.04410588362015439,
        "PSH Flag Count": 0.0425828517572809,
        "Fwd Packet Length Max": 0.03714794826790176,
        "Total Fwd Packet": 0.03314393717472923,
        "Bwd IAT Min": 0.032653496999302783,
        "Fwd IAT Max": 0.03252182376942328,
        "Packet Length Max": 0.03190372405945956,
        "Fwd IAT Mean": 0.029001515800213647,
        "Fwd Packet Length Std": 0.028168679655133994,
        "Total Bwd packets": 0.027893266361941275,
        "Bwd IAT Max": 0.027333311427741983,
        "Bwd Packet Length Max": 0.026810624245391615,
        "ACK Flag Count": 0.02565673398629267,
        "Fwd IAT Std": 0.025616531682772958,
        "Packet Length Std": 0.02449032724739982,
        "Flow IAT Max": 0.02377715255649106,
        "Flow IAT Std": 0.023302208992843996,
        "Flow IAT Min": 0.02259906337178454,
        "Flow Duration": 0.021061659322639495,
        "Bwd IAT Std": 0.020319301839283974,
        "Packet Length Mean": 0.020118216284272433,
        "Bwd IAT Mean": 0.019874506861220966,
        "Bwd Packet Length Mean": 0.018774771291951965,
        "Flow IAT Mean": 0.015641624587868972,
        "Fwd Packet Length Min": 0.009313400095217007,
        "FIN Flag Count": 0.004691916592207206,
        "RST Flag Count": 0.0015380131896544998,
        "SYN Flag Count": 0.0007038041644711142,
        "Bwd Packet Length Min": 0.0005674530128099859,
        "Protocol": 0.000255268899328642,
        "Packet Length Min": 0.0001764071005310522,
        "URG Flag Count": 0.0,
        "CWR Flag Count": 0.0,
        "ECE Flag Count": 0.0,
        "Fwd URG Flags": 0.0,
        "Bwd URG Flags": 0.0
    },
    "Friday": {
        "Total Length of Fwd Packet": 0.2070356123009262,
        "Fwd Packet Length Max": 0.16235864115818266,
        "Fwd Packet Length Mean": 0.12811683571089874,
        "RST Flag Count": 0.10766642639785441,
        "SYN Flag Count": 0.048486989080954467,
        "ACK Flag Count": 0.03811716685504105,
        "Packet Length Std": 0.025312465456624453,
        "Packet Length Min": 0.023267919368915427,
        "Fwd Packet Length Std": 0.02307565027067921,
        "Fwd Packet Length Min": 0.018605676080860497,
        "Flow IAT Min": 0.01430007239011419,
        "Bwd IAT Mean": 0.014228868187291108,
        "Bwd Packet Length Max": 0.014122776951468135,
        "Bwd Packet Length Min": 0.013820725242973599,
        "Bwd IAT Max": 0.013525482221229592,
        "PSH Flag Count": 0.01297751669675849,
        "Flow IAT Max": 0.012708204636310203,
        "Flow Duration": 0.011865439682020425,
        "Bwd IAT Std": 0.009759219920629822,
        "Protocol": 0.00972118740303952,
        "Packet Length Mean": 0.009384113520554955,
        "Packet Length Max": 0.00926555362886274,
        "Fwd PSH Flags": 0.009163624676955367,
        "Bwd IAT Min": 0.008366310889129959,
        "Bwd Packet Length Std": 0.008214934964418058,
        "Flow IAT Mean": 0.008179655348173984,
        "Total Bwd packets": 0.0074008288743666415,
        "Fwd IAT Min": 0.00691328456558165,
        "Total Fwd Packet": 0.00612804511782108,
        "Bwd Packet Length Mean": 0.004539665619380147,
        "Total Length of Bwd Packet": 0.003363650651517462,
        "Fwd IAT Max": 0.00278425303845761,
        "FIN Flag Count": 0.0023950665328904114,
        "Bwd PSH Flags": 0.0020962523320079344,
        "Fwd IAT Mean": 0.0017428323724851126,
        "Flow IAT Std": 0.000732803300237009,
        "Fwd IAT Std": 0.00025624855438770083,
        "URG Flag Count": 0.0,
        "CWR Flag Count": 0.0,