{
    "Tuesday": {
        "matrix": [
            [
                1.0,
                0.0,
                0.0
            ],
            [
                0.0,
                1.0,
                0.0
            ],
            [
                0.005592841163310962,
                0.0,
                0.9944071588366891
            ]
        ],
        "labels": [
            "BENIGN",
            "FTP-Patator",
            "SSH-Patator"
        ]
    },
    "Wednesday": {
        "matrix": [
            [
                1.0,
                0.0,
                0.0,
                0.0,
                0.0,
                0.0
            ],
            [
                0.0,
                1.0,
                0.0,
                0.0,
                0.0,
                0.0
            ],
            [
                0.00010517237752676637,
                0.0,
                0.9998527586714625,
                4.206895101070655e-05,
                0.0,
                0.0
            ],
            [
                0.0019120458891013384,
                0.0,
                0.0,
                0.9980879541108987,
                0.0,
                0.0
            ],
            [
                0.0025,
                0.0,
                0.0,
                0.0,
                0.9975,
                0.0
            ],
            [
                0.0,
                0.0,
                0.0,
                0.0,
                0.0,
                1.0
            ]
        ],
        "labels": [
            "BENIGN",
            "DoS GoldenEye",
            "DoS Hulk",
            "DoS Slowhttptest",
            "DoS slowloris",
            "Heartbleed"
        ]
    },
    "Thursday": {
        "matrix": [
            [
                0.9962636652982149,
                0.0,
                0.003736334701785138,
                0.0,
                0.0,
                0.0
            ],
            [
                0.3,
                0.7,
                0.0,
                0.0,
                0.0,
                0.0
            ],
            [
                0.0005041847332862761,
                0.0,
                0.9994958152667137,
                0.0,
                0.0,
                0.0
            ],
            [
                0.08888888888888889,
                0.0,
                0.0,
                0.9111111111111111,
                0.0,
                0.0
            ],
            [
                0.75,
                0.0,
                0.0,
                0.0,
                0.25,
                0.0
            ],
            [
                0.375,
                0.0,
                0.0,
                0.0,
                0.0,
                0.625
            ]
        ],
        "labels": [
            "BENIGN",
            "Infiltration",
            "Port_scan",
            "Web Attack - Brute Force",
            "Web Attack - Sql Injection",
            "Web Attack - XSS"
        ]
    },
    "Friday": {
        "matrix": [
            [
                0.9980175328023836,
                0.0,
                0.0,
                0.0019824671976164557
            ],
            [
                0.013513513513513514,
                0.9864864864864865,
                0.0,
                0.0
            ],
            [
                0.0,
                0.0,
                1.0,
                0.0
            ],
            [
                0.00039818928661245704,
                0.0,
                0.0,
                0.9996018107133875
            ]
        ],
        "labels": [
            "BENIGN",
            "Bot",
            "DDoS",
            "PortScan"
        ]
    }
}