{
    "Tuesday": {
        "Fwd PSH Flags": 0.09457530818362643,
        "Packet Length Mean": 0.08204764174851888,
        "Bwd PSH Flags": 0.07266325118620218,
        "Total Length of Bwd Packet": 0.06939445668155736,
        "PSH Flag Count": 0.062185122035926015,
        "Packet Length Std": 0.05858671113369847,
        "Packet Length Max": 0.05812535073853742,
        "Bwd Packet Length Mean": 0.054516958589107066,
        "Fwd Packet Length Std": 0.04116594890241866,
        "Total Bwd packets": 0.04034613994726033,
        "RST Flag Count": 0.03903263731607713,
        "Bwd Packet Length Max": 0.03835440469261187,
        "Bwd Packet Length Std": 0.03494619020551036,
        "Fwd Packet Length Max": 0.03443247706618376,
        "Total Length of Fwd Packet": 0.03140037282805338,
        "Fwd Packet Length Mean": 0.021630379453485355,
        "Flow IAT Max": 0.01929042156833392,
        "ACK Flag Count": 0.01918533671374362,
        "Bwd IAT Max": 0.017908576003249205,
        "Flow IAT Std": 0.017353724303470104,
        "Fwd IAT Max": 0.016838879612038993,
        "Flow IAT Mean": 0.013599973891771595,
        "Flow Duration": 0.01329961220568029,
        "Total Fwd Packet": 0.013282206187976512,
        "Bwd IAT Std": 0.011819831417573895,
        "Fwd IAT Std": 0.00993634846150125,
        "Fwd IAT Mean": 0.004986590106717125,
        "Fwd IAT Min": 0.003834860444976985,
        "Bwd IAT Mean": 0.00259626771437446,
        "Flow IAT Min": 0.0020636321036494568,
        "FIN Flag Count": 0.0003426991157188919,
        "Bwd IAT Min": 0.00016225930863024456,
        "SYN Flag Count": 9.360748162490101e-05,
        "Packet Length Min": 1.8226501940104843e-06,
        "Protocol": 0.0,
        "Fwd Packet Length Min": 0.0,
        "Bwd Packet Length Min": 0.0,
        "URG Flag Count": 0.0,
        "CWR Flag Count": 0.0,
        "ECE Flag Count": 0.0,
        "Fwd URG Flags": 0.0,
        "Bwd URG Flags": 0.0
    },
    "Wednesday": {
        "Bwd Packet Length Std": 0.16980479537317422,
        "Packet Length Std": 0.15445811433802528,
        "Bwd Packet Length Mean": 0.12088798025970134,
        "Packet Length Max": 0.11062680771907955,
        "Bwd Packet Length Max": 0.08054519809494415,
        "Total Length of Bwd Packet": 0.06846258038443193,
        "Packet Length Mean": 0.050020288174851914,
        "RST Flag Count": 0.03897665392550911,
        "Fwd Packet Length Std": 0.02849602183369339,
        "Bwd IAT Std": 0.023844656514906637,
        "Fwd Packet Length Max": 0.022242373836464272,
        "Bwd IAT Max": 0.01649804146854209,
        "Total Length of Fwd Packet": 0.014236059579525163,
        "Bwd IAT Mean": 0.010054647292541345,
        "FIN Flag Count": 0.00909181198642483,
        "Fwd PSH Flags": 0.008166562796989473,
        "Total Bwd packets": 0.007780679773811575,
        "Total Fwd Packet": 0.006973027016248939,
        "Flow Duration": 0.00669416962773317,
        "ACK Flag Count": 0.006534932396338443,
        "Bwd PSH Flags": 0.006266575539192309,
        "Flow IAT Min": 0.0051232697043779455,
        "Flow IAT Max": 0.004513953513237451,
        "Fwd IAT Std": 0.004459021273593827,
        "PSH Flag Count": 0.004041958092788447,
        "Fwd IAT Max": 0.0032022575032401466,
        "Flow IAT Mean": 0.002866801332157583,
        "Fwd IAT Mean": 0.002782455397824788,
        "Bwd IAT Min": 0.002720346493601466,
        "Flow IAT Std": 0.0026420798355582037,
        "Fwd Packet Length Mean": 0.001973869518712404,
        "SYN Flag Count": 0.0017110649364847617,
        "Bwd Packet Length Min": 0.0009402327183729893,
        "Fwd Packet Length Min": 0.0008950370779717557,
        "Fwd IAT Min": 0.0008214095407392403,
        "Packet Length Min": 0.00039302893518463396,
        "Protocol": 0.00024935601007962805,
        "ECE Flag Count": 1.1915908816400353e-06,
        "CWR Flag Count": 6.885930639533023e-07,
        "URG Flag Count": 0.0,
        "Fwd URG Flags": 0.0,
        "Bwd URG Flags": 0.0
    },
    "Thursday": {
        "Flow Duration": 0.1892052225978951,
        "Flow IAT Mean": 0.16870222425423778,
        "Flow IAT Max": 0.14018408913498656,
        "Packet Length Max": 0.08346065618139104,
        "Packet Length Mean": 0.06268003127877299,
        "Bwd Packet Length Mean": 0.04545143683695002,
        "Fwd Packet Length Mean": 0.04225985873178381,
        "Bwd Packet Length Max": 0.041499005467450896,
        "Fwd Packet Length Max": 0.03387785057535545,
        "Fwd IAT Max": 0.024682716034244816,
        "Packet Length Std": 0.023021644299400856,
        "Flow IAT Std": 0.02040210094913001,
        "RST Flag Count": 0.017419987094603788,
        "Total Length of Fwd Packet": 0.01466387352424874,
        "ACK Flag Count": 0.013986703424628806,
        "Total Length of Bwd Packet": 0.013402768538487026,
        "Fwd IAT Mean": 0.011645062564654548,
        "Fwd IAT Min": 0.009344142462035066,
        "SYN Flag Count": 0.00925368048611783,
        "Total Fwd Packet": 0.006305235048068437,
        "Bwd IAT Min": 0.004915624887628484,
        "Bwd IAT Max": 0.004517283325517986,
        "Flow IAT Min": 0.0039033913166409344,
        "Fwd Packet Length Min": 0.003812440734659644,
        "FIN Flag Count": 0.0033595772486544663,
        "Bwd IAT Mean": 0.0031973570604074595,
        "Total Bwd packets": 0.0013376575990093314,
        "Fwd PSH Flags": 0.0008811384988132435,
        "Packet Length Min": 0.0005670706638353114,
        "PSH Flag Count": 0.0003946379841391996,
        "Fwd IAT Std": 0.0003035262662195191,
        "Protocol": 0.00030089581222793473,
        "Fwd Packet Length Std": 0.00028720145563803664,
        "Bwd PSH Flags": 0.00023519848065083304,
        "Bwd Packet Length Std": 0.00023099011722301868,
        "Bwd IAT Std": 0.00022156732343810523,
        "URG Flag Count": 4.103931825695205e-05,
        "Fwd URG Flags": 3.714078109386747e-05,
        "Bwd Packet Length Min": 7.609537112013116e-06,
        "ECE Flag Count": 3.6210439017621963e-07,
        "CWR Flag Count": 0.0,
        "Bwd URG Flags": 0.0
    },
    "Friday": {
        "Total Length of Fwd Packet": 0.1093957243088388,
        "Fwd Packet Length Mean": 0.09216988345489713,
        "Fwd Packet Length Max": 0.0831273030458862,
        "Flow Duration": 0.07376021853507898,
        "Flow IAT Mean": 0.07137230603457119,
        "Packet Length Mean": 0.06783706225115471,
        "Packet Length Max": 0.06633898956333148,
        "Bwd Packet Length Mean": 0.06347216865737554,
        "Flow IAT Max": 0.054919014380934605,
        "Bwd Packet Length Std": 0.054206931086844004,
        "Bwd Packet Length Max": 0.05119707544981959,
        "RST Flag Count": 0.04043389886730932,
        "Total Length of Bwd Packet": 0.028597645006476307,
        "Packet Length Std": 0.028577179038181955,
        "Fwd PSH Flags": 0.019636401447971158,
        "SYN Flag Count": 0.010024382861158391,
        "Flow IAT Min": 0.009257078662852547,
        "Total Fwd Packet": 0.008889778937730956,
        "Flow IAT Std": 0.007773209253072574,
        "Total Bwd packets": 0.007536493481368003,
        "PSH Flag Count": 0.007481815133319788,
        "Fwd IAT Min": 0.006877868801471936,
        "Fwd Packet Length Std": 0.0057166549669961575,
        "Fwd IAT Mean": 0.005263697655094213,
        "Bwd IAT Mean": 0.00410912676926876,
        "Bwd PSH Flags": 0.003712298129340652,
        "Fwd IAT Max": 0.0032443364211633963,
        "Fwd Packet Length Min": 0.0029830486193021194,
        "ACK Flag Count": 0.0029560590136182637,
        "Protocol": 0.0029125878303281616,
        "Bwd IAT Min": 0.002431234380178145,
        "Bwd IAT Max": 0.0020048320306001667,
        "Fwd IAT Std": 0.0006842880302670699,
        "FIN Flag Count": 0.0005888279505638723,
        "Bwd IAT Std": 0.0003992473797703322,
        "Bwd Packet Length Min": 6.706108061145183e-05,
        "Packet Length Min": 4.427148325199731e-05,
        "URG Flag Count": 0.0,
        "CWR Flag Count": 0.0,