{
    "('Tuesday', 'DecisionTree')": [
        [
            0.9999382449206448,
            3.0877539677638484e-05,
            3.0877539677638484e-05
        ],
        [
            0.00041999160016799666,
            0.999580008399832,
            0.0
        ],
        [
            0.0033917467495760316,
            0.0,
            0.996608253250424
        ]
    ],
    "('Tuesday', 'RandomForest')": [
        [
            1.0,
            0.0,
            0.0
        ],
        [
            0.0008399832003359933,
            0.999160016799664,
            0.0
        ],
        [
            0.0045223289994347085,
            0.0,
            0.9954776710005653
        ]
    ],
    "('Tuesday', 'NaiveBayes')": [
        [
            0.9186839992589391,
            0.021930772556042734,
            0.05938522818501822
        ],
        [
            0.00041999160016799666,
            0.998740025199496,
            0.0008399832003359933
        ],
        [
            0.00791407574901074,
            0.002826455624646693,
            0.9892594686263426
        ]
    ],
    "('Wednesday', 'DecisionTree')": [
        [
            0.9991736477009969,
            7.581213752321746e-05,
            0.00040180432887305256,
            0.00028050490883590464,
            6.823092377089572e-05,
            0.0
        ],
        [
            0.0029145077720207253,
            0.9948186528497409,
            0.0016191709844559584,
            0.0006476683937823834,
            0.0,
            0.0
        ],
        [
            0.0005793994524675174,
            0.00010139490418181555,
            0.9993192056433506,
            0.0,
            0.0,
            0.0
        ],
        [
            0.010303030303030303,
            0.0006060606060606061,
            0.0,
            0.983030303030303,
            0.006060606060606061,
            0.0
        ],
        [
            0.0063254744105807935,
            0.0,
            0.0,
            0.0040253018976423235,
            0.9896492236917769,
            0.0
        ],
        [
            0.0,
            0.0,
            0.0,
            0.0,
            0.0,
            1.0
        ]
    ],
    "('Wednesday', 'RandomForest')": [
        [
            0.9992873659072817,
            2.274364125696524e-05,
            0.0004397103976346613,
            0.00025018005382661766,
            0.0,
            0.0
        ],
        [
            0.003238341968911917,
            0.9944948186528497,
            0.0016191709844559584,
            0.0006476683937823834,
            0.0,
            0.0
        ],
        [
            0.0003331546851688225,
            0.00010139490418181555,
            0.9995654504106494,
            0.0,
            0.0,
            0.0
        ],
        [
            0.00909090909090909,
            0.0006060606060606061,
            0.0,
            0.9836363636363636,
            0.006666666666666667,
            0.0
        ],
        [
            0.005175388154111558,
            0.0,
            0.0005750431282346176,
            0.0023001725129384704,
            0.9919493962047153,
            0.0
        ],
        [
            0.0,
            0.0,
            0.0,
            0.0,
            0.0,
            1.0
        ]
    ],
    "('Wednesday', 'NaiveBayes')": [
        [
            0.5140821045449376,
            0.16696107046738182,
            0.025541109131571964,
            0.04306887532693984,
            0.2503468405291687,
            0.0
        ],
        [
            0.0,
            0.7257124352331606,
            0.0,
            0.0,
            0.27428756476683935,
            0.0
        ],
        [
            0.1572634963859959,
            0.057751640424699796,
            0.6584005678114634,
            0.001564378521662297,
            0.12501991685617858,
            0.0
        ],
        [
            0.0,
            0.05393939393939394,
            0.059393939393939395,
            0.1484848484848485,
            0.7381818181818182,
            0.0
        ],
        [
            0.02645198389879241,
            0.002875215641173088,
            0.0,
            0.009200690051753882,
            0.9614721104082806,
            0.0
        ],
        [
            0.0,
            0.0,
            0.0,
            0.0,
            0.0,
            1.0
        ]
    ],
    "('Thursday', 'DecisionTree')": [
        [
            0.9998466291273197,
            3.6516874447682274e-05,
            7.303374889536455e-06,
            7.303374889536455e-06,
            0.00010224724845351037
        ],
        [
            0.45454545454545453,
            0.5454545454545454,
            0.0,
            0.0,
            0.0
        ],
        [
            0.0,
            0.0,
            0.7345132743362832,
            0.0,
            0.26548672566371684
        ],
        [
            0.16666666666666666,
            0.0,
            0.16666666666666666,
            0.6666666666666666,
            0.0
        ],
        [
            0.025510204081632654,
            0.0,
            0.5663265306122449,
            0.0,
            0.40816326530612246
        ]
    ],
    "('Thursday', 'RandomForest')": [
        [
            0.999985393250221,
            7.303374889536455e-06,
            0.0,
            0.0,
            7.303374889536455e-06
        ],
        [
            0.6363636363636364,
            0.36363636363636365,
            0.0,
            0.0,
            0.0
        ],
        [
            0.011061946902654867,
            0.0,
            0.8296460176991151,
            0.0,
            0.1592920353982301
        ],
        [
            0.16666666666666666,
            0.0,
            0.3333333333333333,
            0.5,
            0.0
        ],
        [
            0.025510204081632654,
            0.0,
            0.6581632653061225,
            0.0,
            0.3163265306122449
        ]
    ],
    "('Thursday', 'NaiveBayes')": [
        [
            0.6192093366344588,
            0.16208379892348254,
            0.2162310203545058,
            0.0018550572219422595,
            0.0006207868656105986
        ],
        [
            0.2727272727272727,
            0.7272727272727273,
            0.0,
            0.0,
            0.0
        ],
        [
            0.015486725663716814,
            0.0,
            0.12168141592920353,
            0.04424778761061947,
            0.8185840707964602
        ],
        [
            0.0,
            0.0,
            0.3333333333333333,
            0.6666666666666666,
            0.0
        ],
        [
            0.030612244897959183,
            0.0,
            0.030612244897959183,
            0.0,
            0.9387755102040817
        ]
    ],
    "('Friday', 'DecisionTree')": [
        [
            0.9988887099371879,
            0.0006039619906587213,
            0.00012079239813174424,
            0.0003865356740215816
        ],
        [
            0.3083475298126065,
            0.6916524701873935,
            0.0,
            0.0
        ],
        [
            0.0011455946677775464,
            0.0,
            0.9988544053322225,
            0.0
        ],
        [
            0.0032325098129762178,
            0.0,
            0.0,
            0.9967674901870238
        ]
    ],
    "('Friday', 'RandomForest')": [
        [
            0.9990256079884039,
            0.0005798035110323724,
            6.442261233693027e-05,
            0.0003301658882267676
        ],
        [
            0.30664395229982966,
            0.6933560477001703,
            0.0,
            0.0
        ],
        [
            0.001171630910227036,
            0.0,
            0.998828369089773,
            0.0
        ],
        [
            0.0032325098129762178,
            0.0,
            0.0,
            0.9967674901870238
        ]
    ],