{
    "Tuesday": {
        "matrix": [
            [
                1.0,
                0.0
            ],
            [
                0.0014381591562799617,
                0.99856184084372
            ]
        ],
        "labels": [
            "BENIGN",
            "ANOMALY"
        ]
    },
    "Wednesday": {
        "matrix": [
            [
                0.9999896814668827,
                1.031853311733204e-05
            ],
            [
                5.8209476502774654e-05,
                0.9999417905234972
            ]
        ],
        "labels": [
            "BENIGN",
            "ANOMALY"
        ]
    },
    "Thursday": {
        "matrix": [
            [
                0.9962637083847458,
                0.003736291615254218
            ],
            [
                0.0013022137633977762,
                0.9986977862366022
            ]
        ],
        "labels": [
            "BENIGN",
            "ANOMALY"
        ]
    },
    "Friday": {
        "matrix": [
            [
                0.9980289921503467,
                0.001971007849653355
            ],
            [
                0.00027457799976464745,
                0.9997254220002354
            ]
        ],
        "labels": [
            "BENIGN",
            "ANOMALY"
        ]
    }
}