{
    "Tuesday": {
        "Fwd PSH Flags": 0.09540372526290247,
        "Bwd Packet Length Std": 0.07828926714615371,
        "Packet Length Std": 0.06065585193555204,
        "PSH Flag Count": 0.059582514599093805,
        "Bwd PSH Flags": 0.05766985309567958,
        "Total Length of Bwd Packet": 0.05630573199440349,
        "Packet Length Mean": 0.05035595552007213,
        "Total Bwd packets": 0.05003632422671893,
        "Packet Length Max": 0.0465000783886594,
        "Bwd IAT Max": 0.041429894138315895,
        "Fwd Packet Length Max": 0.03778150788868137,
        "Flow IAT Max": 0.03511575333646314,
        "Bwd Packet Length Mean": 0.0342598322681921,
        "Fwd Packet Length Mean": 0.03330442318258086,
        "ACK Flag Count": 0.028532072914281167,
        "Flow Duration": 0.026202816758522464,
        "Fwd Packet Length Std": 0.025549101086903794,
        "RST Flag Count": 0.02528539955593149,
        "Flow IAT Std": 0.02207568150190192,
        "Fwd IAT Max": 0.01943180859211584,
        "Bwd Packet Length Max": 0.016681282459038854,
        "Total Length of Fwd Packet": 0.01640747270250368,
        "Bwd IAT Mean": 0.016071379313507217,
        "Bwd IAT Std": 0.014534393976719033,
        "Fwd IAT Mean": 0.014019167132409497,
        "Total Fwd Packet": 0.012054145144536135,
        "Fwd IAT Std": 0.01122741367173947,
        "Flow IAT Mean": 0.007276512050009586,
        "Fwd IAT Min": 0.00295598135314881,
        "Flow IAT Min": 0.0029013458886565464,
        "Bwd IAT Min": 0.0012778432741791367,
        "FIN Flag Count": 0.0004189673909934723,
        "SYN Flag Count": 0.00034023909833715845,
        "Protocol": 1.8877467143479927e-05,
        "Fwd Packet Length Min": 1.6902679825969605e-05,
        "Bwd Packet Length Min": 1.6630897332342246e-05,
        "Packet Length Min": 1.3852106794005915e-05,
        "URG Flag Count": 0.0,
        "CWR Flag Count": 0.0,
        "ECE Flag Count": 0.0,
        "Fwd URG Flags": 0.0,
        "Bwd URG Flags": 0.0
    },
    "Wednesday": {
        "Bwd Packet Length Std": 0.22047389260087483,
        "Bwd Packet Length Max": 0.13084689689108533,
        "Packet Length Max": 0.11766474230289908,
        "Total Length of Bwd Packet": 0.10296718060070081,
        "Packet Length Std": 0.08378617441546167,
        "Bwd Packet Length Mean": 0.07142051255683257,
        "RST Flag Count": 0.052211716195047074,
        "Fwd Packet Length Max": 0.033836808077199194,
        "Fwd Packet Length Std": 0.02935032147192947,
        "Packet Length Mean": 0.021385766775366476,
        "Bwd IAT Min": 0.01974985212743977,
        "Total Fwd Packet": 0.015228433308543201,
        "ACK Flag Count": 0.0149369991056495,
        "Total Bwd packets": 0.014793501902173765,
        "Fwd PSH Flags": 0.01208690504030219,
        "Bwd PSH Flags": 0.007873283046283087,
        "Total Length of Fwd Packet": 0.006022688867443986,
        "Flow IAT Min": 0.0050774306928467695,
        "PSH Flag Count": 0.00478565244296581,
        "Flow Duration": 0.0044630650804996595,
        "Flow IAT Mean": 0.004212993183774298,
        "Bwd IAT Mean": 0.0038039936339388067,
        "Bwd IAT Max": 0.00312026522064171,
        "Bwd IAT Std": 0.0030435056573910545,
        "Fwd IAT Max": 0.0030260061852284124,
        "Flow IAT Max": 0.0021913090937787432,
        "Fwd IAT Std": 0.0020740257845488727,
        "Flow IAT Std": 0.0016675770973610556,
        "Fwd Packet Length Mean": 0.0014846351745311586,
        "Fwd IAT Min": 0.0011352109647830523,
        "Fwd IAT Mean": 0.0011094332203225629,
        "Fwd Packet Length Min": 0.0011019722515855286,
        "Bwd Packet Length Min": 0.0009985654465369724,
        "FIN Flag Count": 0.0008707287571447273,
        "SYN Flag Count": 0.0006251838255144682,
        "Protocol": 0.0003832894735561215,
        "Packet Length Min": 0.00018824093833871798,
        "ECE Flag Count": 8.694527603166297e-07,
        "CWR Flag Count": 3.711367192780546e-07,
        "URG Flag Count": 0.0,
        "Fwd URG Flags": 0.0,
        "Bwd URG Flags": 0.0
    },
    "Thursday": {
        "Flow IAT Max": 0.1617787595614786,
        "Flow Duration": 0.1459601697560487,
        "Flow IAT Mean": 0.1391833987969333,
        "Packet Length Mean": 0.10494877722168616,
        "Packet Length Max": 0.08085204390159136,
        "Total Length of Fwd Packet": 0.05586093046374384,
        "Fwd Packet Length Mean": 0.04099249893579927,
        "Packet Length Std": 0.03449300419379002,
        "Fwd Packet Length Max": 0.0285870108912931,
        "Bwd Packet Length Mean": 0.02625676270169624,
        "Fwd IAT Min": 0.019724769972411006,
        "Flow IAT Std": 0.01807738726994309,
        "Fwd IAT Max": 0.01551671823688625,
        "Bwd IAT Min": 0.014723631628046147,
        "Bwd Packet Length Max": 0.01351137398931676,
        "Total Length of Bwd Packet": 0.013256099317360067,
        "RST Flag Count": 0.01251728870289338,
        "Bwd IAT Mean": 0.010412358810570621,
        "Fwd IAT Mean": 0.010064738397677988,
        "Bwd IAT Max": 0.009365191544743858,
        "Total Fwd Packet": 0.009224341854204884,
        "SYN Flag Count": 0.0067171249133260846,
        "ACK Flag Count": 0.005253848900952469,
        "FIN Flag Count": 0.0032903716857085956,
        "Flow IAT Min": 0.0032013548987548765,
        "Total Bwd packets": 0.003083800932525098,
        "Fwd IAT Std": 0.0029828900344832186,
        "Fwd Packet Length Min": 0.0022440097490532052,
        "Protocol": 0.002032857109092093,
        "Packet Length Min": 0.0018876846756327003,
        "Bwd Packet Length Min": 0.0018182517395527052,
        "Fwd PSH Flags": 0.0007429302065949218,
        "PSH Flag Count": 0.00048436873593961567,
        "Fwd Packet Length Std": 0.00027493707750675926,
        "Bwd Packet Length Std": 0.00025927215208028164,
        "Bwd PSH Flags": 0.00021072001761665622,
        "Bwd IAT Std": 0.00013573830554929495,
        "Fwd URG Flags": 3.747711116964215e-05,
        "URG Flag Count": 2.2203740836504824e-05,
        "ECE Flag Count": 1.2901865510806724e-05,
        "CWR Flag Count": 0.0,
        "Bwd URG Flags": 0.0
    },
    "Friday": {
        "Total Length of Fwd Packet": 0.1937337407859681,
        "Fwd Packet Length Max": 0.14093673770569587,
        "RST Flag Count": 0.13550184798120507,
        "Fwd Packet Length Mean": 0.1054484328948199,
        "SYN Flag Count": 0.03744255467420457,
        "Flow IAT Min": 0.0345928379611651,
        "Bwd Packet Length Max": 0.030311848119324223,
        "Bwd Packet Length Std": 0.027874316270853197,
        "Bwd Packet Length Min": 0.027823012105310605,
        "Fwd Packet Length Std": 0.027444965507808238,
        "Packet Length Min": 0.022971172673564803,
        "ACK Flag Count": 0.022861666826990014,
        "Protocol": 0.018408946534185892,
        "Fwd Packet Length Min": 0.01837826460640574,
        "Packet Length Max": 0.015867219087488185,
        "Bwd IAT Max": 0.013614176594829672,
        "Bwd Packet Length Mean": 0.011136549334174971,
        "Flow IAT Max": 0.010776830700314046,
        "Fwd PSH Flags": 0.010353349418572777,
        "PSH Flag Count": 0.010276541555538905,
        "Bwd PSH Flags": 0.00927744496366419,
        "Fwd IAT Min": 0.009135025917951279,
        "Flow Duration": 0.008975543418764905,
        "Total Length of Bwd Packet": 0.008231987171271889,
        "Flow IAT Mean": 0.008139337276782833,
        "Total Bwd packets": 0.007218293721025951,
        "Packet Length Std": 0.006819587867425845,
        "Bwd IAT Mean": 0.006771901271128723,
        "Fwd IAT Mean": 0.005137558567108152,
        "Bwd IAT Min": 0.003726806852669259,
        "Total Fwd Packet": 0.0029108829865463755,
        "Fwd IAT Max": 0.002058786960092137,
        "Packet Length Mean": 0.0015617488133985228,
        "Bwd IAT Std": 0.001362379596801413,
        "Flow IAT Std": 0.001057013275889078,
        "FIN Flag Count": 0.0010076172763175551,
        "Fwd IAT Std": 0.0008530727247420024,