{
    "('Tuesday', 'DecisionTree')": [
        [
            0.9999787125340599,
            0.0,
            2.1287465940054495e-05
        ],
        [
            0.0,
            1.0,
            0.0
        ],
        [
            0.005592841163310962,
            0.0,
            0.9944071588366891
        ]
    ],
    "('Tuesday', 'RandomForest')": [
        [
            1.0,
            0.0,
            0.0
        ],
        [
            0.0025167785234899327,
            0.99748322147651,
            0.0
        ],
        [
            0.006711409395973154,
            0.0,
            0.9932885906040269
        ]
    ],
    "('Tuesday', 'NaiveBayes')": [
        [
            1.0,
            0.0,
            0.0
        ],
        [
            0.006711409395973154,
            0.9932885906040269,
            0.0
        ],
        [
            0.016778523489932886,
            0.0,
            0.9832214765100671
        ]
    ],
    "('Wednesday', 'DecisionTree')": [
        [
            0.9998039498937202,
            5.1592133231524856e-05,
            8.254741317043978e-05,
            5.1592133231524856e-05,
            1.0318426646304972e-05,
            0.0
        ],
        [
            0.0004405286343612335,
            0.9995594713656387,
            0.0,
            0.0,
            0.0,
            0.0
        ],
        [
            0.0001682758040428262,
            2.1034475505353275e-05,
            0.9997896552449465,
            2.1034475505353275e-05,
            0.0,
            0.0
        ],
        [
            0.009560229445506692,
            0.0,
            0.0,
            0.9904397705544933,
            0.0,
            0.0
        ],
        [
            0.0033333333333333335,
            0.0,
            0.0,
            0.0025,
            0.9941666666666666,
            0.0
        ],
        [
            0.0,
            0.0,
            0.0,
            0.0,
            0.0,
            1.0
        ]
    ],
    "('Wednesday', 'RandomForest')": [
        [
            0.9999793631467074,
            0.0,
            2.0636853292609944e-05,
            0.0,
            0.0,
            0.0
        ],
        [
            0.0,
            0.9995594713656387,
            0.0,
            0.0004405286343612335,
            0.0,
            0.0
        ],
        [
            0.00010517237752676637,
            0.0,
            0.9998737931469679,
            2.1034475505353275e-05,
            0.0,
            0.0
        ],
        [
            0.0038240917782026767,
            0.0,
            0.0,
            0.994263862332696,
            0.0019120458891013384,
            0.0
        ],
        [
            0.0016666666666666668,
            0.0,
            0.0,
            0.0,
            0.9983333333333333,
            0.0
        ],
        [
            0.0,
            0.0,
            0.0,
            0.0,
            0.0,
            1.0
        ]
    ],
    "('Wednesday', 'NaiveBayes')": [
        [
            0.6559836556121923,
            0.016220566687991416,
            0.007965825370947439,
            0.21200239387498193,
            0.10782755845388695,
            0.0
        ],
        [
            0.0013215859030837004,
            0.9665198237885463,
            0.02378854625550661,
            0.007929515418502203,
            0.0004405286343612335,
            0.0
        ],
        [
            8.41379020214131e-05,
            0.03211964409667445,
            0.967670011148272,
            2.1034475505353275e-05,
            0.00010517237752676637,
            0.0
        ],
        [
            0.0019120458891013384,
            0.0,
            0.0,
            0.4627151051625239,
            0.5353728489483748,
            0.0
        ],
        [
            0.0,
            0.0,
            0.0008333333333333334,
            0.11416666666666667,
            0.885,
            0.0
        ],
        [
            0.0,
            0.3333333333333333,
            0.0,
            0.0,
            0.0,
            0.6666666666666666
        ]
    ],
    "('Thursday', 'DecisionTree')": [
        [
            0.9961944739148485,
            1.1531897227731907e-05,
            0.003713270907329674,
            4.6127588910927627e-05,
            2.3063794455463813e-05,
            1.1531897227731907e-05
        ],
        [
            0.3,
            0.7,
            0.0,
            0.0,
            0.0,
            0.0
        ],
        [
            0.0010083694665725521,
            0.0,
            0.9989916305334274,
            0.0,
            0.0,
            0.0
        ],
        [
            0.1111111111111111,
            0.0,
            0.0,
            0.8888888888888888,
            0.0,
            0.0
        ],
        [
            0.5,
            0.0,
            0.0,
            0.0,
            0.5,
            0.0
        ],
        [
            0.25,
            0.0,
            0.0,
            0.0,
            0.0,
            0.75
        ]
    ],
    "('Thursday', 'RandomForest')": [
        [
            0.9962751971954426,
            0.0,
            0.0037248028045574057,
            0.0,
            0.0,
            0.0
        ],
        [
            0.2,
            0.8,
            0.0,
            0.0,
            0.0,
            0.0
        ],
        [
            0.0005041847332862761,
            0.0,
            0.9994958152667137,
            0.0,
            0.0,
            0.0
        ],
        [
            0.08888888888888889,
            0.0,
            0.0,
            0.9111111111111111,
            0.0,
            0.0
        ],
        [
            1.0,
            0.0,
            0.0,
            0.0,
            0.0,
            0.0
        ],
        [
            0.375,
            0.0,
            0.0,
            0.0,
            0.0,
            0.625
        ]
    ],
    "('Thursday', 'NaiveBayes')": [
        [
            0.877023847963467,
            0.005754416716638221,
            0.005835139997232345,
            0.06162645878499931,
            0.007092116795055122,
            0.04266801974260805
        ],
        [
            0.1,
            0.9,
            0.0,
            0.0,
            0.0,
            0.0
        ],
        [
            0.006050216799435313,
            0.0,
            0.9939497832005647,
            0.0,
            0.0,
            0.0
        ],
        [
            0.0,
            0.0,
            0.0,
            0.9555555555555556,
            0.0,
            0.044444444444444446
        ],
        [
            0.0,
            0.0,
            0.0,
            0.5,
            0.5,
            0.0
        ],
        [
            0.0,
            0.0,
            0.0,
            0.0,
            0.25,
            0.75
        ]
    ],
    "('Friday', 'DecisionTree')": [
        [
            0.9993697358620295,
            3.4378043889302696e-05,
            5.72967398155045e-05,
            0.0005385893542657423
        ],
        [
            0.009009009009009009,
            0.990990990990991,
            0.0,
            0.0
        ],
        [
            7.006971937077392e-05,
            0.0,
            0.9999299302806293,
            0.0
        ],
        [
            0.0031645569620253164,
            0.0,
            0.0,
            0.9968354430379747
        ]
    ],
    "('Friday', 'RandomForest')": [
        [
            0.9994155732538819,
            0.0,
            4.5837391852403595e-05,
            0.0005385893542657423
        ],
        [
            0.0045045045045045045,
            0.9954954954954955,
            0.0,
            0.0
        ],
        [
            0.00010510457905616088,
            0.0,
            0.9998948954209438,
            0.0
        ],
        [
            0.0031855142928996563,
            0.0,
            0.0,
            0.9968144857071003
        ]
    ],