{
    "('Tuesday', 'DecisionTree')": [
        [
            0.9999470916267208,
            0.0,
            5.290837327915516e-05
        ],
        [
            0.0,
            1.0,
            0.0
        ],
        [
            0.008948545861297539,
            0.0,
            0.9910514541387024
        ]
    ],
    "('Tuesday', 'RandomForest')": [
        [
            1.0,
            0.0,
            0.0
        ],
        [
            0.0,
            1.0,
            0.0
        ],
        [
            0.007829977628635347,
            0.0,
            0.9921700223713646
        ]
    ],
    "('Tuesday', 'NaiveBayes')": [
        [
            1.0,
            0.0,
            0.0
        ],
        [
            0.007550335570469799,
            0.9924496644295302,
            0.0
        ],
        [
            0.020134228187919462,
            0.0,
            0.9798657718120806
        ]
    ],
    "('Wednesday', 'DecisionTree')": [
        [
            0.9997389197543757,
            1.0443209824971803e-05,
            0.00016709135719954885,
            7.310246877480262e-05,
            1.0443209824971803e-05,
            0.0
        ],
        [
            0.0013215859030837004,
            0.9964757709251101,
            0.0,
            0.001762114537444934,
            0.0004405286343612335,
            0.0
        ],
        [
            0.00010517237752676637,
            6.310342651605982e-05,
            0.9997896552449465,
            4.206895101070655e-05,
            0.0,
            0.0
        ],
        [
            0.0038240917782026767,
            0.0,
            0.0,
            0.9961759082217974,
            0.0,
            0.0
        ],
        [
            0.0016666666666666668,
            0.0,
            0.0,
            0.0,
            0.9983333333333333,
            0.0
        ],
        [
            0.3333333333333333,
            0.0,
            0.0,
            0.0,
            0.0,
            0.6666666666666666
        ]
    ],
    "('Wednesday', 'RandomForest')": [
        [
            0.9999060111115753,
            0.0,
            9.398888842474623e-05,
            0.0,
            0.0,
            0.0
        ],
        [
            0.000881057268722467,
            0.9973568281938326,
            0.0,
            0.001762114537444934,
            0.0,
            0.0
        ],
        [
            0.00010517237752676637,
            0.0,
            0.9998527586714625,
            4.206895101070655e-05,
            0.0,
            0.0
        ],
        [
            0.0038240917782026767,
            0.0,
            0.0,
            0.9961759082217974,
            0.0,
            0.0
        ],
        [
            0.0008333333333333334,
            0.0,
            0.0,
            0.0,
            0.9991666666666666,
            0.0
        ],
        [
            0.0,
            0.0,
            0.0,
            0.0,
            0.0,
            1.0
        ]
    ],
    "('Wednesday', 'NaiveBayes')": [
        [
            0.6791323781277413,
            0.025794728267680353,
            0.005994402439533815,
            0.1858891348844981,
            0.10318935628054639,
            0.0
        ],
        [
            0.0013215859030837004,
            0.9837004405286344,
            0.006607929515418502,
            0.006607929515418502,
            0.001762114537444934,
            0.0
        ],
        [
            0.0,
            0.030037231021644475,
            0.9697313897477966,
            2.1034475505353275e-05,
            0.00021034475505353275,
            0.0
        ],
        [
            0.1739961759082218,
            0.0019120458891013384,
            0.0,
            0.21032504780114722,
            0.6137667304015296,
            0.0
        ],
        [
            0.0,
            0.0008333333333333334,
            0.0,
            0.095,
            0.9041666666666667,
            0.0
        ],
        [
            0.0,
            0.3333333333333333,
            0.0,
            0.0,
            0.0,
            0.6666666666666666
        ]
    ],
    "('Thursday', 'DecisionTree')": [
        [
            0.9998888806578266,
            1.8519890362249054e-05,
            4.629972590562264e-05,
            9.259945181124527e-06,
            3.703978072449811e-05
        ],
        [
            0.7,
            0.3,
            0.0,
            0.0,
            0.0
        ],
        [
            0.08888888888888889,
            0.0,
            0.8666666666666667,
            0.0,
            0.044444444444444446
        ],
        [
            0.0,
            0.0,
            0.25,
            0.75,
            0.0
        ],
        [
            0.25,
            0.0,
            0.0,
            0.0,
            0.75
        ]
    ],
    "('Thursday', 'RandomForest')": [
        [
            1.0,
            0.0,
            0.0,
            0.0,
            0.0
        ],
        [
            0.3,
            0.7,
            0.0,
            0.0,
            0.0
        ],
        [
            0.1111111111111111,
            0.0,
            0.8888888888888888,
            0.0,
            0.0
        ],
        [
            0.5,
            0.0,
            0.0,
            0.5,
            0.0
        ],
        [
            0.25,
            0.0,
            0.0,
            0.0,
            0.75
        ]
    ],
    "('Thursday', 'NaiveBayes')": [
        [
            0.9764889991851248,
            0.0016575301874212905,
            0.01351951996444181,
            0.0002685384102526113,
            0.008065412252759464
        ],
        [
            0.3,
            0.6,
            0.1,
            0.0,
            0.0
        ],
        [
            0.022222222222222223,
            0.0,
            0.4666666666666667,
            0.0,
            0.5111111111111111
        ],
        [
            0.0,
            0.0,
            0.0,
            1.0,
            0.0
        ],
        [
            0.25,
            0.0,
            0.0,
            0.0,
            0.75
        ]
    ],
    "('Friday', 'DecisionTree')": [
        [
            0.9998740900141935,
            1.1446362346046426e-05,
            9.15708987683714e-05,
            2.289272469209285e-05
        ],
        [
            0.0,
            1.0,
            0.0,
            0.0
        ],
        [
            7.008445176437607e-05,
            0.0,
            0.9999299155482356,
            0.0
        ],
        [
            0.00016769027606011697,
            0.0,
            0.0,
            0.9998323097239399
        ]
    ],
    "('Friday', 'RandomForest')": [
        [
            0.9999427681882698,
            0.0,
            3.433908703813928e-05,
            2.289272469209285e-05
        ],
        [
            0.0,
            1.0,
            0.0,
            0.0
        ],
        [
            7.008445176437607e-05,
            0.0,
            0.9999299155482356,
            0.0
        ],
        [
            0.00014672899155260234,
            0.0,
            0.0,
            0.9998532710084475
        ]
    ],
    "('Friday', 'NaiveBayes')": [
        [
            0.9643102422050273,
            0.007279886452085527,
            0.015864658211620346,
            0.012545213131266884
        ],
        [
            0.0,
            1.0,
            0.0,
            0.0
        ],
        [
            0.0014717734870518975,
            0.0,
            0.9985282265129481,
            0.0
        ],
        [
            0.007420294715660175,
            0.0,
            0.0,
            0.9925797052843398
        ]
    ]
}